"Id","OwnerId","IsDeleted","Name","CreatedDate","CreatedById","LastModifiedDate","LastModifiedById","SystemModstamp","LastActivityDate","LLC_BI__Price__c","LLC_BI__Product_Type__c","LLC_BI__Product__c","LLC_BI__Unit_Cost__c","LLC_BI__lookupKey__c","LLC_BI__Is_Monthly__c","LLC_BI__Is_Perm_Waive__c","LLC_BI__AFP_Code_Description__c","LLC_BI__AFP_Code__c","LLC_BI__BSID_Code_Description__c","LLC_BI__Display_Price__c","LLC_BI__Fixed_Unit_Cost__c","LLC_BI__Price_Structure__c","LLC_BI__Progressive_Tiers__c","LLC_BI__Rate_Class__c","LLC_BI__Semi_Variable_Unit_Cost__c","LLC_BI__Tiers__c","LLC_BI__lookup_Key__c","LLC_BI__Allow_Volume_Override__c","LLC_BI__Block_Exception_Pricing__c","AutorabitExtId__c"
"a3D5w000000uMzVEAU","0055w00000BkiP4AAJ","","ACH Originated Items","2020-09-17T15:55:02.000Z","0055w00000BkiP4AAJ","2021-01-20T19:26:12.000Z","0055w00000BkiP4AAJ","","","5.0","","a0b5w00000zIyiEAAS","5.0","","true","false","","","","","5.0","Single","false","N/A","5.0","","","false","false","a2N5w000003O4AoEAK"
"a3D5w000001EFt0EAG","0055w00000BkiP4AAJ","","822 Analysis Stmt Monthly","2020-05-14T11:38:20.000Z","0055w00000BkiP4AAJ","2021-02-09T19:27:31.000Z","0055w00000BkiP4AAJ","","","25.0","","a0b5w000010pAJVAA2","0.0","1054_168","false","false","","","","","","","false","","","","","false","false","a3D4T000000PF2EUAW"
"a3D5w000001EFt1EAG","0055w00000BkiP4AAJ","","822 Analysis Stmt Setup","2020-05-14T11:38:20.000Z","0055w00000BkiP4AAJ","2021-02-09T19:27:31.000Z","0055w00000BkiP4AAJ","","","30.0","","a0b5w000010pAJVAA2","0.0","1053_169","false","false","","","","","","","false","","","","","false","false","a3D4T000000PF2FUAW"
"a3D5w000001EFt2EAG","0055w00000BkiP4AAJ","","Account Analysis Statement","2020-05-14T11:38:20.000Z","0055w00000BkiP4AAJ","2021-02-09T19:27:31.000Z","0055w00000BkiP4AAJ","","","10.0","","a0b5w000010pAJ6AAM","0.0","1014_1","false","false","","","","","","Single","false","N/A;Platinum;Gold;Silver","","","","false","false","a3D4T000000PF2GUAW"
"a3D5w000001EFt3EAG","0055w00000BkiP4AAJ","","ACH Block Monthly","2020-05-14T11:38:20.000Z","0055w00000BkiP4AAJ","2021-02-09T19:27:31.000Z","0055w00000BkiP4AAJ","","","10.55","","a0b5w000010pAJAAA2","0.0","3520_32","true","false","","","","","","Single","false","N/A;Platinum;Gold;Silver","","","","false","false","a3D4T000000PF2HUAW"
"a3D5w000001EFt4EAG","0055w00000BkiP4AAJ","","ACH Block/Filter Authorization","2020-05-14T11:38:20.000Z","0055w00000BkiP4AAJ","2021-02-09T19:27:31.000Z","0055w00000BkiP4AAJ","","","5.25","","a0b5w000010pAJAAA2","0.0","3522_35","true","false","","","","","","Single","false","N/A;Platinum;Gold;Silver","","","","false","false","a3D4T000000PF2IUAW"
"a3D5w000001EFt5EAG","0055w00000BkiP4AAJ","","ACH Cash Concentration","2020-05-14T11:38:20.000Z","0055w00000BkiP4AAJ","2021-02-09T19:27:31.000Z","0055w00000BkiP4AAJ","","","4.0","","a0b5w000010pAJnAAM","0.0","4013_66","false","false","","","","","","","false","","","","","false","false","a3D4T000000PF2JUAW"
"a3D5w000001EFt6EAG","0055w00000BkiP4AAJ","","ACH Credits","2020-05-14T11:38:20.000Z","0055w00000BkiP4AAJ","2021-02-09T19:27:31.000Z","0055w00000BkiP4AAJ","","","0.31","","a0b5w000010pAJBAA2","0.0027","3506_42","true","false","","","","","","Single","false","N/A;Gold;Silver","","","","false","false","a3D4T000000PF2KUAW"
"a3D5w000001EFt7EAG","0055w00000BkiP4AAJ","","ACH Debits","2020-05-14T11:38:20.000Z","0055w00000BkiP4AAJ","2021-02-09T19:27:31.000Z","0055w00000BkiP4AAJ","","","0.23","","a0b5w000010pAJCAA2","0.0027","3507_43","true","false","","","","","","Single","false","N/A;Platinum;Gold;Silver","","","","false","false","a3D4T000000PF2LUAW"
"a3D5w000001EFt8EAG","0055w00000BkiP4AAJ","","ACH Filter Add or Change","2020-05-14T11:38:20.000Z","0055w00000BkiP4AAJ","2021-02-09T19:27:31.000Z","0055w00000BkiP4AAJ","","","5.0","","a0b5w000010pAJAAA2","0.0","3524_38","true","false","","","","","","Single","false","N/A;Platinum;Gold;Silver","","","","false","false","a3D4T000000PF2MUAW"
"a3D5w000001EFt9EAG","0055w00000BkiP4AAJ","","ACH Monthly","2020-05-14T11:38:20.000Z","0055w00000BkiP4AAJ","2021-02-09T19:27:31.000Z","0055w00000BkiP4AAJ","","","40.0","","a0b5w000010pAJnAAM","0.0","4010_67","false","false","","","","","","","false","","","","","false","false","a3D4T000000PF2NUAW"
"a3D5w000001EFtAEAW","0055w00000BkiP4AAJ","","ACH PPD","2020-05-14T11:38:20.000Z","0055w00000BkiP4AAJ","2021-02-09T19:27:31.000Z","0055w00000BkiP4AAJ","","","5.0","","a0b5w000010pAJnAAM","0.0","4015_68","false","false","","","","","","","false","","","","","false","false","a3D4T000000PF2OUAW"
"a3D5w000001EFtBEAW","0055w00000BkiP4AAJ","","ACH PPD w/Addenda","2020-05-14T11:38:20.000Z","0055w00000BkiP4AAJ","2021-02-09T19:27:31.000Z","0055w00000BkiP4AAJ","","","5.0","","a0b5w000010pAJnAAM","0.0","4016_69","false","false","","","","","","","false","","","","","false","false","a3D4T000000PF2PUAW"
"a3D5w000001EFtCEAW","0055w00000BkiP4AAJ","","ACH Prenotification","2020-05-14T11:38:20.000Z","0055w00000BkiP4AAJ","2021-02-09T19:27:31.000Z","0055w00000BkiP4AAJ","","","3.0","","a0b5w000010pAJnAAM","0.0","4023_70","false","false","","","","","","","false","","","","","false","false","a3D4T000000PF2QUAW"
"a3D5w000001EFtDEAW","0055w00000BkiP4AAJ","","ACH Return","2020-05-14T11:38:20.000Z","0055w00000BkiP4AAJ","2021-02-09T19:27:31.000Z","0055w00000BkiP4AAJ","","","5.0","","a0b5w000010pAJnAAM","0.0","3513_61","false","false","","","","","","","false","","","","","false","false","a3D4T000000PF2RUAW"
"a3D5w000001EFtEEAW","0055w00000BkiP4AAJ","","ACH Reversal","2020-05-14T11:38:20.000Z","0055w00000BkiP4AAJ","2021-02-09T19:27:31.000Z","0055w00000BkiP4AAJ","","","25.0","","a0b5w000010pAJnAAM","0.0","3505_71","false","false","","","","","","","false","","","","","false","false","a3D4T000000PF2SUAW"
"a3D5w000001EFtFEAW","0055w00000BkiP4AAJ","","ACH Setup","2020-05-14T11:38:20.000Z","0055w00000BkiP4AAJ","2021-02-09T19:27:31.000Z","0055w00000BkiP4AAJ","","","200.0","","a0b5w000010pAJnAAM","0.0","4009_72","false","false","","","","","","","false","","","","","false","false","a3D4T000000PF2TUAW"
"a3D5w000001EFtGEAW","0055w00000BkiP4AAJ","","ACH Small Business","2020-05-14T11:38:20.000Z","0055w00000BkiP4AAJ","2021-02-09T19:27:31.000Z","0055w00000BkiP4AAJ","","","5.0","","a0b5w000010pAJnAAM","0.0","4018_73","false","false","","","","","","","false","","","","","false","false","a3D4T000000PF2UUAW"
"a3D5w000001EFtHEAW","0055w00000BkiP4AAJ","","ACH Tax Payment","2020-05-14T11:38:20.000Z","0055w00000BkiP4AAJ","2021-02-09T19:27:31.000Z","0055w00000BkiP4AAJ","","","1.0","","a0b5w000010pAJnAAM","0.0","4017_74","false","false","","","","","","","false","","","","","false","false","a3D4T000000PF2VUAW"
"a3D5w000001EFtIEAW","0055w00000BkiP4AAJ","","ARC Representment","2020-05-14T11:38:20.000Z","0055w00000BkiP4AAJ","2021-02-09T19:27:31.000Z","0055w00000BkiP4AAJ","","","2.5","","a0b5w000010pAJ8AAM","0.0","3544_29","false","false","","","","","","","false","","","","","false","false","a3D4T000000PF2WUAW"
"a3D5w000001EFtJEAW","0055w00000BkiP4AAJ","","ARC Return Item","2020-05-14T11:38:20.000Z","0055w00000BkiP4AAJ","2021-02-09T19:27:31.000Z","0055w00000BkiP4AAJ","","","5.0","","a0b5w000010pAJ8AAM","0.0","3543_30","false","false","","","","","","","false","","","","","false","false","a3D4T000000PF2XUAW"
"a3D5w000001EFtKEAW","0055w00000BkiP4AAJ","","ARC Transaction","2020-05-14T11:38:20.000Z","0055w00000BkiP4AAJ","2021-02-09T19:27:31.000Z","0055w00000BkiP4AAJ","","","0.25","","a0b5w000010pAJ8AAM","0.0","3542_31","false","false","","","","","","","false","","","","","false","false","a3D4T000000PF2YUAW"
"a3D5w000001EFtLEAW","0055w00000BkiP4AAJ","","ARP Deposit Recon Item","2020-05-14T11:38:20.000Z","0055w00000BkiP4AAJ","2021-02-09T19:27:31.000Z","0055w00000BkiP4AAJ","","","0.05","","a0b5w000010pAJEAA2","0.0","1055_2","false","false","","","","","","","false","","","","","false","false","a3D4T000000PF2ZUAW"
"a3D5w000001EFtMEAW","0055w00000BkiP4AAJ","","ARP Deposit Recon Monthly","2020-05-14T11:38:20.000Z","0055w00000BkiP4AAJ","2021-02-09T19:27:31.000Z","0055w00000BkiP4AAJ","","","40.0","","a0b5w000010pAJEAA2","0.0","1060_3","false","false","","","","","","","false","","","","","false","false","a3D4T000000PF2aUAG"
"a3D5w000001EFtNEAW","0055w00000BkiP4AAJ","","ARP Full Recon Item","2020-05-14T11:38:20.000Z","0055w00000BkiP4AAJ","2021-02-09T19:27:31.000Z","0055w00000BkiP4AAJ","","","0.05","","a0b5w000010pAJFAA2","0.0","1063_4","false","false","","","","","","","false","","","","","false","false","a3D4T000000PF2bUAG"
"a3D5w000001EFtOEAW","0055w00000BkiP4AAJ","","ARP Full Recon Monthly","2020-05-14T11:38:20.000Z","0055w00000BkiP4AAJ","2021-02-09T19:27:31.000Z","0055w00000BkiP4AAJ","","","60.0","","a0b5w000010pAJFAA2","0.0","1062_5","false","false","","","","","","","false","","","","","false","false","a3D4T000000PF2cUAG"
"a3D5w000001EFtPEAW","0055w00000BkiP4AAJ","","ARP Partial Recon Item","2020-05-14T11:38:20.000Z","0055w00000BkiP4AAJ","2021-02-09T19:27:31.000Z","0055w00000BkiP4AAJ","","","0.03","","a0b5w000010pAJGAA2","0.0","1059_6","false","false","","","","","","","false","","","","","false","false","a3D4T000000PF2dUAG"
"a3D5w000001EFtQEAW","0055w00000BkiP4AAJ","","ARP Partial Recon Monthly","2020-05-14T11:38:20.000Z","0055w00000BkiP4AAJ","2021-02-09T19:27:31.000Z","0055w00000BkiP4AAJ","","","50.0","","a0b5w000010pAJGAA2","0.0","1058_7","false","false","","","","","","","false","","","","","false","false","a3D4T000000PF2eUAG"
"a3D5w000001EFtREAW","0055w00000BkiP4AAJ","","ARP per Transmission","2020-05-14T11:38:20.000Z","0055w00000BkiP4AAJ","2021-02-09T19:27:31.000Z","0055w00000BkiP4AAJ","","","15.0","","a0b5w000010pAJIAA2","0.0","1057_9","false","false","","","","","","","false","","","","","false","false","a3D4T000000PF2fUAG"
"a3D5w000001EFtSEAW","0055w00000BkiP4AAJ","","ARP Setup","2020-05-14T11:38:20.000Z","0055w00000BkiP4AAJ","2021-02-09T19:27:31.000Z","0055w00000BkiP4AAJ","","","50.0","","a0b5w000010pAJHAA2","0.0","1061_8","false","false","","","","","","","false","","","","","false","false","a3D4T000000PF2gUAG"
"a3D5w000001EFtTEAW","0055w00000BkiP4AAJ","","ARP Transmission Monthly","2020-05-14T11:38:20.000Z","0055w00000BkiP4AAJ","2021-02-09T19:27:31.000Z","0055w00000BkiP4AAJ","","","35.0","","a0b5w000010pAJIAA2","0.0","1056_10","false","false","","","","","","","false","","","","","false","false","a3D4T000000PF2hUAG"
"a3D5w000001EFtUEAW","0055w00000BkiP4AAJ","","Audit Confirmation","2020-05-14T11:38:20.000Z","0055w00000BkiP4AAJ","2021-02-09T19:27:31.000Z","0055w00000BkiP4AAJ","","","20.0","","a0b5w000010pAJiAAM","0.0","1042_99","false","false","","","","","","","false","","","","","false","false","a3D4T000000PF2iUAG"
"a3D5w000001EFtVEAW","0055w00000BkiP4AAJ","","Bill Payment Monthly","2020-05-14T11:38:20.000Z","0055w00000BkiP4AAJ","2021-02-09T19:27:31.000Z","0055w00000BkiP4AAJ","","","10.0","","a0b5w000010pAJJAA2","0.0","4060_153","false","false","","","","","","","false","","","","","false","false","a3D4T000000PF2jUAG"
"a3D5w000001EFtWEAW","0055w00000BkiP4AAJ","","Bill Payment NSF","2020-05-14T11:38:20.000Z","0055w00000BkiP4AAJ","2021-02-09T19:27:31.000Z","0055w00000BkiP4AAJ","","","0.0","","a0b5w000010pAJJAA2","0.0","4059_154","false","false","","","","","","","false","","","","","false","false","a3D4T000000PF2kUAG"
"a3D5w000001EFtXEAW","0055w00000BkiP4AAJ","","Bill Payment per Item &amp;amp;lt;11","2020-05-14T11:38:20.000Z","0055w00000BkiP4AAJ","2021-02-09T19:27:31.000Z","0055w00000BkiP4AAJ","","","0.0","","a0b5w000010pAJJAA2","0.0","4058_155","false","false","","","","","","","false","","","","","false","false","a3D4T000000PF2lUAG"
"a3D5w000001EFtYEAW","0055w00000BkiP4AAJ","","Bill Payment per Item &amp;amp;gt;10","2020-05-14T11:38:20.000Z","0055w00000BkiP4AAJ","2021-02-09T19:27:31.000Z","0055w00000BkiP4AAJ","","","0.75","","a0b5w000010pAJJAA2","0.0","4058_156","false","false","","","","","","","false","","","","","false","false","a3D4T000000PF2mUAG"
"a3D5w000001EFtZEAW","0055w00000BkiP4AAJ","","Bill Payment Photocopy","2020-05-14T11:38:20.000Z","0055w00000BkiP4AAJ","2021-02-09T19:27:31.000Z","0055w00000BkiP4AAJ","","","10.0","","a0b5w000010pAJJAA2","0.0","4065_157","false","false","","","","","","","false","","","","","false","false","a3D4T000000PF2nUAG"
"a3D5w000001EFtaEAG","0055w00000BkiP4AAJ","","Bill Payment Research","2020-05-14T11:38:20.000Z","0055w00000BkiP4AAJ","2021-02-09T19:27:31.000Z","0055w00000BkiP4AAJ","","","25.0","","a0b5w000010pAJJAA2","0.0","4067_158","false","false","","","","","","","false","","","","","false","false","a3D4T000000PF2oUAG"
"a3D5w000001EFtbEAG","0055w00000BkiP4AAJ","","Bill Payment Stop Payment","2020-05-14T11:38:20.000Z","0055w00000BkiP4AAJ","2021-02-09T19:27:31.000Z","0055w00000BkiP4AAJ","","","30.0","","a0b5w000010pAJJAA2","0.0","4061_159","false","false","","","","","","","false","","","","","false","false","a3D4T000000PF2pUAG"
"a3D5w000001EFtcEAG","0055w00000BkiP4AAJ","","Boxes of Rolled Coin","2020-05-14T11:38:20.000Z","0055w00000BkiP4AAJ","2021-02-09T19:27:31.000Z","0055w00000BkiP4AAJ","","","4.0","","a0b5w000010pAJNAA2","0.0","1105_77","false","false","","","","","","","false","","","","","false","false","a3D4T000000PF2qUAG"
"a3D5w000001EFtdEAG","0055w00000BkiP4AAJ","","Cash/coin Deposited per $1,000","2020-05-14T11:38:20.000Z","0055w00000BkiP4AAJ","2021-02-09T19:27:31.000Z","0055w00000BkiP4AAJ","","","1.6","","a0b5w000010pAJNAA2","0.0","1010_78","false","false","","","","","","","false","","","","","false","false","a3D4T000000PF2rUAG"
"a3D5w000001EFteEAG","0055w00000BkiP4AAJ","","Cashier&amp;amp;#39;s checks","2020-05-14T11:38:20.000Z","0055w00000BkiP4AAJ","2021-02-09T19:27:31.000Z","0055w00000BkiP4AAJ","","","10.0","","a0b5w000010pAJLAA2","0.0","NA_87","false","false","","","","","","","false","","","","","false","false","a3D4T000000PF2sUAG"
"a3D5w000001EFtfEAG","0055w00000BkiP4AAJ","","CD Orders","2020-05-14T11:38:20.000Z","0055w00000BkiP4AAJ","2021-02-09T19:27:31.000Z","0055w00000BkiP4AAJ","","","35.0","","a0b5w000010pAJJAA2","0.0","4066_160","false","false","","","","","","","false","","","","","false","false","a3D4T000000PF2tUAG"
"a3D5w000001EFtgEAG","0055w00000BkiP4AAJ","","CD-ROM Annual","2020-05-14T11:38:20.000Z","0055w00000BkiP4AAJ","2021-02-09T19:27:31.000Z","0055w00000BkiP4AAJ","","","15.0","","a0b5w000010pAJKAA2","0.0","1508_11","false","false","","","","","","","false","","","","","false","false","a3D4T000000PF2uUAG"
"a3D5w000001EFthEAG","0055w00000BkiP4AAJ","","CD-ROM Check Image","2020-05-14T11:38:20.000Z","0055w00000BkiP4AAJ","2021-02-09T19:27:31.000Z","0055w00000BkiP4AAJ","","","0.08","","a0b5w000010pAJKAA2","0.0","1511_12","false","false","","","","","","","false","","","","","false","false","a3D4T000000PF2vUAG"
"a3D5w000001EFtiEAG","0055w00000BkiP4AAJ","","CD-ROM Duplicate","2020-05-14T11:38:20.000Z","0055w00000BkiP4AAJ","2021-02-09T19:27:31.000Z","0055w00000BkiP4AAJ","","","20.0","","a0b5w000010pAJKAA2","0.0","1528_13","false","false","","","","","","","false","","","","","false","false","a3D4T000000PF2wUAG"
"a3D5w000001EFtjEAG","0055w00000BkiP4AAJ","","CD-ROM Monthly","2020-05-14T11:38:20.000Z","0055w00000BkiP4AAJ","2021-02-09T19:27:31.000Z","0055w00000BkiP4AAJ","","","30.0","","a0b5w000010pAJKAA2","0.0","1510_14","false","false","","","","","","","false","","","","","false","false","a3D4T000000PF2xUAG"
"a3D5w000001EFtkEAG","0055w00000BkiP4AAJ","","CD-ROM Quarterly","2020-05-14T11:38:20.000Z","0055w00000BkiP4AAJ","2021-02-09T19:27:31.000Z","0055w00000BkiP4AAJ","","","10.0","","a0b5w000010pAJKAA2","0.0","1509_15","false","false","","","","","","","false","","","","","false","false","a3D4T000000PF2yUAG"
"a3D5w000001EFtlEAG","0055w00000BkiP4AAJ","","CD-ROM Setup","2020-05-14T11:38:20.000Z","0055w00000BkiP4AAJ","2021-02-09T19:27:31.000Z","0055w00000BkiP4AAJ","","","50.0","","a0b5w000010pAJKAA2","0.0","1507_16","false","false","","","","","","","false","","","","","false","false","a3D4T000000PF2zUAG"
"a3D5w000001EFtmEAG","0055w00000BkiP4AAJ","","Certified Checks","2020-05-14T11:38:20.000Z","0055w00000BkiP4AAJ","2021-02-09T19:27:31.000Z","0055w00000BkiP4AAJ","","","25.0","","a0b5w000010pAJLAA2","0.0","NA_88","false","false","","","","","","","false","","","","","false","false","a3D4T000000PF30UAG"
"a3D5w000001EFtnEAG","0055w00000BkiP4AAJ","","Check printing","2020-05-14T11:38:20.000Z","0055w00000BkiP4AAJ","2021-02-09T19:27:31.000Z","0055w00000BkiP4AAJ","","","0.0","","a0b5w000010pAJLAA2","0.0","1038_89","false","false","","","","","","","false","","","","","false","false","a3D4T000000PF31UAG"
"a3D5w000001EFtoEAG","0055w00000BkiP4AAJ","","Checks Deposited - Local","2020-05-14T11:38:20.000Z","0055w00000BkiP4AAJ","2021-02-09T19:27:31.000Z","0055w00000BkiP4AAJ","","","0.12","","a0b5w000010pAJMAA2","0.038","1008_90","false","false","","","","","","","false","","","","","false","false","a3D4T000000PF32UAG"
"a3D5w000001EFtpEAG","0055w00000BkiP4AAJ","","Checks Deposited - On Us","2020-05-14T11:38:20.000Z","0055w00000BkiP4AAJ","2021-02-09T19:27:31.000Z","0055w00000BkiP4AAJ","","","0.1","","a0b5w000010pAJMAA2","0.038","1007_91","false","false","","","","","","","false","","","","","false","false","a3D4T000000PF33UAG"
"a3D5w000001EFtqEAG","0055w00000BkiP4AAJ","","Controlled Disb Deposit","2020-05-14T11:38:20.000Z","0055w00000BkiP4AAJ","2021-02-09T19:27:31.000Z","0055w00000BkiP4AAJ","","","1.0","","a0b5w000010pAJOAA2","0.0","1503_83","false","false","","","","","","","false","","","","","false","false","a3D4T000000PF34UAG"
"a3D5w000001EFtrEAG","0055w00000BkiP4AAJ","","Controlled Disb Item","2020-05-14T11:38:20.000Z","0055w00000BkiP4AAJ","2021-02-09T19:27:31.000Z","0055w00000BkiP4AAJ","","","0.03","","a0b5w000010pAJOAA2","0.0","1502_84","false","false","","","","","","","false","","","","","false","false","a3D4T000000PF35UAG"
"a3D5w000001EFtsEAG","0055w00000BkiP4AAJ","","Controlled Disb Monthly","2020-05-14T11:38:20.000Z","0055w00000BkiP4AAJ","2021-02-09T19:27:31.000Z","0055w00000BkiP4AAJ","","","200.0","","a0b5w000010pAJOAA2","0.0","1527_85","false","false","","","","","","","false","","","","","false","false","a3D4T000000PF36UAG"
"a3D5w000001EFttEAG","0055w00000BkiP4AAJ","","Controlled Disb Setup","2020-05-14T11:38:20.000Z","0055w00000BkiP4AAJ","2021-02-09T19:27:31.000Z","0055w00000BkiP4AAJ","","","50.0","","a0b5w000010pAJOAA2","0.0","1504_86","false","false","","","","","","","false","","","","","false","false","a3D4T000000PF37UAG"
"a3D5w000001EFtuEAG","0055w00000BkiP4AAJ","","Currency Straps Purchased","2020-05-14T11:38:20.000Z","0055w00000BkiP4AAJ","2021-02-09T19:27:31.000Z","0055w00000BkiP4AAJ","","","0.7","","a0b5w000010pAJNAA2","0.0","1103_79","false","false","","","","","","","false","","","","","false","false","a3D4T000000PF38UAG"
"a3D5w000001EFtvEAG","0055w00000BkiP4AAJ","","Deposit Adjustment","2020-05-14T11:38:20.000Z","0055w00000BkiP4AAJ","2021-02-09T19:27:31.000Z","0055w00000BkiP4AAJ","","","3.0","","a0b5w000010pAJPAA2","0.0","1109_92","false","false","","","","","","","false","","","","","false","false","a3D4T000000PF39UAG"
"a3D5w000001EFtwEAG","0055w00000BkiP4AAJ","","Direct Deposit File Deletion","2020-05-14T11:38:20.000Z","0055w00000BkiP4AAJ","2021-02-09T19:27:31.000Z","0055w00000BkiP4AAJ","","","10.0","","a0b5w000010pAJQAA2","0.0","3537_51","false","false","","","","","","","false","","","","","false","false","a3D4T000000PF3AUAW"
"a3D5w000001EFtxEAG","0055w00000BkiP4AAJ","","Direct Deposit Item","2020-05-14T11:38:20.000Z","0055w00000BkiP4AAJ","2021-02-09T19:27:31.000Z","0055w00000BkiP4AAJ","","","0.2","","a0b5w000010pAJQAA2","0.0","3536_52","false","false","","","","","","","false","","","","","false","false","a3D4T000000PF3BUAW"
"a3D5w000001EFtyEAG","0055w00000BkiP4AAJ","","Direct Deposit Monthly","2020-05-14T11:38:20.000Z","0055w00000BkiP4AAJ","2021-02-09T19:27:31.000Z","0055w00000BkiP4AAJ","","","15.0","","a0b5w000010pAJQAA2","0.0","3535_53","false","false","","","","","","","false","","","","","false","false","a3D4T000000PF3CUAW"
"a3D5w000001EFtzEAG","0055w00000BkiP4AAJ","","Direct Deposit per file***","2020-05-14T11:38:20.000Z","0055w00000BkiP4AAJ","2021-02-09T19:27:31.000Z","0055w00000BkiP4AAJ","","","0.0","","a0b5w000010pAJQAA2","0.0","NA_54","false","false","","","","","","","false","","","","","false","false","a3D4T000000PF3DUAW"
"a3D5w000001EFu0EAG","0055w00000BkiP4AAJ","","Direct Deposit Setup","2020-05-14T11:38:20.000Z","0055w00000BkiP4AAJ","2021-02-09T19:27:31.000Z","0055w00000BkiP4AAJ","","","30.0","","a0b5w000010pAJQAA2","0.0","3533_55","false","false","","","","","","","false","","","","","false","false","a3D4T000000PF3EUAW"
"a3D5w000001EFu1EAG","0055w00000BkiP4AAJ","","Direct Deposit Weekly","2020-05-14T11:38:20.000Z","0055w00000BkiP4AAJ","2021-02-09T19:27:31.000Z","0055w00000BkiP4AAJ","","","25.0","","a0b5w000010pAJQAA2","0.0","3534_56","false","false","","","","","","","false","","","","","false","false","a3D4T000000PF3FUAW"
"a3D5w000001EFu2EAG","0055w00000BkiP4AAJ","","Direct File Transfer Monthly","2020-05-14T11:38:20.000Z","0055w00000BkiP4AAJ","2021-02-09T19:27:31.000Z","0055w00000BkiP4AAJ","","","75.0","","a0b5w000010pAJRAA2","0.0","1051_164","false","false","","","","","","","false","","","","","false","false","a3D4T000000PF3GUAW"
"a3D5w000001EFu3EAG","0055w00000BkiP4AAJ","","Direct File Transfer Monthly 2nd - 4th Acct","2020-05-14T11:38:20.000Z","0055w00000BkiP4AAJ","2021-02-09T19:27:31.000Z","0055w00000BkiP4AAJ","","","75.0","","a0b5w000010pAJRAA2","0.0","1051_165","false","false","","","","","","","false","","","","","false","false","a3D4T000000PF3HUAW"
"a3D5w000001EFu4EAG","0055w00000BkiP4AAJ","","Direct File Transfer Monthly 5th and &amp;amp;gt;","2020-05-14T11:38:20.000Z","0055w00000BkiP4AAJ","2021-02-09T19:27:31.000Z","0055w00000BkiP4AAJ","","","75.0","","a0b5w000010pAJRAA2","0.0","1051_166","false","false","","","","","","","false","","","","","false","false","a3D4T000000PF3IUAW"
"a3D5w000001EFu5EAG","0055w00000BkiP4AAJ","","Direct File Transfer Setup","2020-05-14T11:38:20.000Z","0055w00000BkiP4AAJ","2021-02-09T19:27:31.000Z","0055w00000BkiP4AAJ","","","100.0","","a0b5w000010pAJRAA2","0.0","1049_167","false","false","","","","","","","false","","","","","false","false","a3D4T000000PF3JUAW"
"a3D5w000001EFu6EAG","0055w00000BkiP4AAJ","","Direct Send ACH Credit","2020-05-14T11:38:20.000Z","0055w00000BkiP4AAJ","2021-02-09T19:27:31.000Z","0055w00000BkiP4AAJ","","","0.15","","a0b5w000010pAJDAA2","0.0","3563_44","false","false","","","","","","","false","","","","","false","false","a3D4T000000PF3KUAW"
"a3D5w000001EFu7EAG","0055w00000BkiP4AAJ","","Direct Send ACH Debit","2020-05-14T11:38:20.000Z","0055w00000BkiP4AAJ","2021-02-09T19:27:31.000Z","0055w00000BkiP4AAJ","","","0.15","","a0b5w000010pAJDAA2","0.0","3562_45","false","false","","","","","","","false","","","","","false","false","a3D4T000000PF3LUAW"
"a3D5w000001EFu8EAG","0055w00000BkiP4AAJ","","Direct Send ACH Return","2020-05-14T11:38:20.000Z","0055w00000BkiP4AAJ","2021-02-09T19:27:31.000Z","0055w00000BkiP4AAJ","","","5.0","","a0b5w000010pAJDAA2","0.0","3564_46","false","false","","","","","","","false","","","","","false","false","a3D4T000000PF3MUAW"
"a3D5w000001EFu9EAG","0055w00000BkiP4AAJ","","Direct Send ACH Reversal","2020-05-14T11:38:20.000Z","0055w00000BkiP4AAJ","2021-02-09T19:27:31.000Z","0055w00000BkiP4AAJ","","","25.0","","a0b5w000010pAJDAA2","0.0","3565_47","false","false","","","","","","","false","","","","","false","false","a3D4T000000PF3NUAW"
"a3D5w000001EFuAEAW","0055w00000BkiP4AAJ","","Direct Send ACH Setup","2020-05-14T11:38:20.000Z","0055w00000BkiP4AAJ","2021-02-09T19:27:31.000Z","0055w00000BkiP4AAJ","","","300.0","","a0b5w000010pAJDAA2","0.0","3560_48","false","false","","","","","","","false","","","","","false","false","a3D4T000000PF3OUAW"
"a3D5w000001EFuBEAW","0055w00000BkiP4AAJ","","Direct Send File Monthly","2020-05-14T11:38:20.000Z","0055w00000BkiP4AAJ","2021-02-09T19:27:31.000Z","0055w00000BkiP4AAJ","","","250.0","","a0b5w000010pAJDAA2","0.0","3516_49","false","false","","","","","","","false","","","","","false","false","a3D4T000000PF3PUAW"
"a3D5w000001EFuCEAW","0055w00000BkiP4AAJ","","E Bills","2020-05-14T11:38:20.000Z","0055w00000BkiP4AAJ","2021-02-09T19:27:31.000Z","0055w00000BkiP4AAJ","","","0.0","","a0b5w000010pAJJAA2","0.0","4064_161","false","false","","","","","","","false","","","","","false","false","a3D4T000000PF3QUAW"
"a3D5w000001EFuDEAW","0055w00000BkiP4AAJ","","Extended Stop Pymt Single","2020-05-14T11:38:20.000Z","0055w00000BkiP4AAJ","2021-02-09T19:27:31.000Z","0055w00000BkiP4AAJ","","","40.0","","a0b5w000010pAJoAAM","0.0","1017_105","false","false","","","","","","","false","","","","","false","false","a3D4T000000PF3RUAW"
"a3D5w000001EFuEEAW","0055w00000BkiP4AAJ","","FDIC Insurance per $1,000","2020-05-14T11:38:20.000Z","0055w00000BkiP4AAJ","2021-02-09T19:27:31.000Z","0055w00000BkiP4AAJ","","","0.1479","","a0b5w000010pAJSAA2","0.0","106_93","false","false","","","","","","","false","","","","","false","false","a3D4T000000PF3SUAW"
"a3D5w000001EFuFEAW","0055w00000BkiP4AAJ","","Forced Wire Transfer Wd","2020-05-14T11:38:20.000Z","0055w00000BkiP4AAJ","2021-02-09T19:27:31.000Z","0055w00000BkiP4AAJ","","","25.0","","a0b5w000010pAJTAA2","0.0","3532_217","false","false","","","","","","","false","","","","","false","false","a3D4T000000PF3TUAW"
"a3D5w000001EFuGEAW","0055w00000BkiP4AAJ","","Garnishments, levies, or attachments served on TCF","2020-05-14T11:38:20.000Z","0055w00000BkiP4AAJ","2021-02-09T19:27:31.000Z","0055w00000BkiP4AAJ","","","125.0","","a0b5w000010pAJiAAM","0.0","NA_100","false","false","","","","","","","false","","","","","false","false","a3D4T000000PF3UUAW"
"a3D5w000001EFuHEAW","0055w00000BkiP4AAJ","","Inclearing Checks","2020-05-14T11:38:20.000Z","0055w00000BkiP4AAJ","2021-02-10T05:05:05.000Z","0055w00000BkiP4AAJ","","","0.19","","a0b5w000010pAJUAA2","0.0","1001_94","false","false","","","","","","","false","","","","","false","false","a3D4T000000PF3VUAW"
"a3D5w000001EFuIEAW","0055w00000BkiP4AAJ","","Incoming Wire Notification","2020-05-14T11:38:20.000Z","0055w00000BkiP4AAJ","2021-02-09T19:27:31.000Z","0055w00000BkiP4AAJ","","","4.0","","a0b5w000010pAJrAAM","0.0","3545_233","false","false","","","","","","","false","","","","","false","false","a3D4T000000PF3WUAW"
"a3D5w000001EFuJEAW","0055w00000BkiP4AAJ","","International ACH Monthly","2020-05-14T11:38:20.000Z","0055w00000BkiP4AAJ","2021-02-09T19:27:31.000Z","0055w00000BkiP4AAJ","","","20.0","","a0b5w000010pAJnAAM","0.0","4056_62","false","false","","","","","","","false","","","","","false","false","a3D4T000000PF3XUAW"
"a3D5w000001EFuKEAW","0055w00000BkiP4AAJ","","International ACH per Item","2020-05-14T11:38:20.000Z","0055w00000BkiP4AAJ","2021-02-09T19:27:31.000Z","0055w00000BkiP4AAJ","","","5.0","","a0b5w000010pAJnAAM","0.0","4057_63","false","false","","","","","","","false","","","","","false","false","a3D4T000000PF3YUAW"
"a3D5w000001EFuLEAW","0055w00000BkiP4AAJ","","Late Coin &amp;amp;amp; Currency Order","2020-05-14T11:38:20.000Z","0055w00000BkiP4AAJ","2021-02-09T19:27:31.000Z","0055w00000BkiP4AAJ","","","15.0","","a0b5w000010pAJNAA2","0.0","1108_80","false","false","","","","","","","false","","","","","false","false","a3D4T000000PF3ZUAW"
"a3D5w000001EFuMEAW","0055w00000BkiP4AAJ","","Account Maintenance","2020-05-14T11:38:20.000Z","0055w00000BkiP4AAJ","2021-02-09T19:27:31.000Z","0055w00000BkiP4AAJ","","","160.0","","a0b5w000010pAJpAAM","0.0","533_133","false","false","","","","","","","false","","","","","false","false","a3D4T000000PF3aUAG"
"a3D5w000001EFuNEAW","0055w00000BkiP4AAJ","","Check Dep","2020-05-14T11:38:20.000Z","0055w00000BkiP4AAJ","2021-02-09T19:27:31.000Z","0055w00000BkiP4AAJ","","","8.0","","a0b5w000010pAJpAAM","0.0","578_134","false","false","","","","","","","false","","","","","false","false","a3D4T000000PF3bUAG"
"a3D5w000001EFuOEAW","0055w00000BkiP4AAJ","","CD-ROM Maintenance","2020-05-14T11:38:20.000Z","0055w00000BkiP4AAJ","2021-02-09T19:27:31.000Z","0055w00000BkiP4AAJ","","","30.0","","a0b5w000010pAJpAAM","0.0","553_135","false","false","","","","","","","false","","","","","false","false","a3D4T000000PF3cUAG"
"a3D5w000001EFuPEAW","0055w00000BkiP4AAJ","","Deposit","2020-05-14T11:38:20.000Z","0055w00000BkiP4AAJ","2021-02-09T19:27:31.000Z","0055w00000BkiP4AAJ","","","1.5","","a0b5w000010pAJpAAM","0.0","505_136","false","false","","","","","","","false","","","","","false","false","a3D4T000000PF3dUAG"
"a3D5w000001EFuQEAW","0055w00000BkiP4AAJ","","Item Deposited","2020-05-14T11:38:20.000Z","0055w00000BkiP4AAJ","2021-02-09T19:27:31.000Z","0055w00000BkiP4AAJ","","","0.1","","a0b5w000010pAJpAAM","0.0","501_137","false","false","","","","","","","false","","","","","false","false","a3D4T000000PF3eUAG"
"a3D5w000001EFuREAW","0055w00000BkiP4AAJ","","Item Image","2020-05-14T11:38:20.000Z","0055w00000BkiP4AAJ","2021-02-09T19:27:31.000Z","0055w00000BkiP4AAJ","","","0.1","","a0b5w000010pAJpAAM","0.0","554_138","false","false","","","","","","","false","","","","","false","false","a3D4T000000PF3fUAG"
"a3D5w000001EFuSEAW","0055w00000BkiP4AAJ","","Item Processed","2020-05-14T11:38:20.000Z","0055w00000BkiP4AAJ","2021-02-09T19:27:31.000Z","0055w00000BkiP4AAJ","","","0.4","","a0b5w000010pAJpAAM","0.0","514_139","false","false","","","","","","","false","","","","","false","false","a3D4T000000PF3gUAG"
"a3D5w000001EFuTEAW","0055w00000BkiP4AAJ","","Keystroke","2020-05-14T11:38:20.000Z","0055w00000BkiP4AAJ","2021-02-09T19:27:31.000Z","0055w00000BkiP4AAJ","","","0.008","","a0b5w000010pAJpAAM","0.0","544_140","false","false","","","","","","","false","","","","","false","false","a3D4T000000PF3hUAG"
"a3D5w000001EFuUEAW","0055w00000BkiP4AAJ","","Mailout","2020-05-14T11:38:20.000Z","0055w00000BkiP4AAJ","2021-02-09T19:27:31.000Z","0055w00000BkiP4AAJ","","","20.0","","a0b5w000010pAJpAAM","0.0","560_141","false","false","","","","","","","false","","","","","false","false","a3D4T000000PF3iUAG"
"a3D5w000001EFuVEAW","0055w00000BkiP4AAJ","","Mailout Item","2020-05-14T11:38:20.000Z","0055w00000BkiP4AAJ","2021-02-09T19:27:31.000Z","0055w00000BkiP4AAJ","","","0.15","","a0b5w000010pAJpAAM","0.0","542_142","false","false","","","","","","","false","","","","","false","false","a3D4T000000PF3jUAG"
"a3D5w000001EFuWEAW","0055w00000BkiP4AAJ","","Match","2020-05-14T11:38:20.000Z","0055w00000BkiP4AAJ","2021-02-09T19:27:31.000Z","0055w00000BkiP4AAJ","","","0.15","","a0b5w000010pAJpAAM","0.0","525_143","false","false","","","","","","","false","","","","","false","false","a3D4T000000PF3kUAG"
"a3D5w000001EFuXEAW","0055w00000BkiP4AAJ","","Photocopy","2020-05-14T11:38:20.000Z","0055w00000BkiP4AAJ","2021-02-09T19:27:31.000Z","0055w00000BkiP4AAJ","","","0.15","","a0b5w000010pAJpAAM","0.0","523_144","false","false","","","","","","","false","","","","","false","false","a3D4T000000PF3lUAG"
"a3D5w000001EFuYEAW","0055w00000BkiP4AAJ","","PO Box Rental","2020-05-14T11:38:20.000Z","0055w00000BkiP4AAJ","2021-02-09T19:27:31.000Z","0055w00000BkiP4AAJ","","","45.0","","a0b5w000010pAJpAAM","0.0","579_145","false","false","","","","","","","false","","","","","false","false","a3D4T000000PF3mUAG"
"a3D5w000001EFuZEAW","0055w00000BkiP4AAJ","","Pre-encoded Rejects","2020-05-14T11:38:20.000Z","0055w00000BkiP4AAJ","2021-02-09T19:27:31.000Z","0055w00000BkiP4AAJ","","","0.5","","a0b5w000010pAJpAAM","0.0","593_146","false","false","","","","","","","false","","","","","false","false","a3D4T000000PF3nUAG"
"a3D5w000001EFuaEAG","0055w00000BkiP4AAJ","","Returned Deposited Item","2020-05-14T11:38:20.000Z","0055w00000BkiP4AAJ","2021-02-09T19:27:31.000Z","0055w00000BkiP4AAJ","","","6.0","","a0b5w000010pAJpAAM","0.0","582_147","false","false","","","","","","","false","","","","","false","false","a3D4T000000PF3oUAG"
"a3D5w000001EFubEAG","0055w00000BkiP4AAJ","","Setup","2020-05-14T11:38:20.000Z","0055w00000BkiP4AAJ","2021-02-09T19:27:31.000Z","0055w00000BkiP4AAJ","","","100.0","","a0b5w000010pAJpAAM","0.0","512_148","false","false","","","","","","","false","","","","","false","false","a3D4T000000PF3pUAG"
"a3D5w000001EFucEAG","0055w00000BkiP4AAJ","","Statement","2020-05-14T11:38:20.000Z","0055w00000BkiP4AAJ","2021-02-09T19:27:32.000Z","0055w00000BkiP4AAJ","","","10.0","","a0b5w000010pAJpAAM","0.0","526_149","false","false","","","","","","","false","","","","","false","false","a3D4T000000PF3qUAG"
"a3D5w000001EFudEAG","0055w00000BkiP4AAJ","","Unprocessable Item","2020-05-14T11:38:20.000Z","0055w00000BkiP4AAJ","2021-02-09T19:27:32.000Z","0055w00000BkiP4AAJ","","","0.4","","a0b5w000010pAJpAAM","0.0","536_150","false","false","","","","","","","false","","","","","false","false","a3D4T000000PF3rUAG"
"a3D5w000001EFueEAG","0055w00000BkiP4AAJ","","Walk in Dep","2020-05-14T11:38:20.000Z","0055w00000BkiP4AAJ","2021-02-09T19:27:32.000Z","0055w00000BkiP4AAJ","","","5.0","","a0b5w000010pAJpAAM","0.0","522_151","false","false","","","","","","","false","","","","","false","false","a3D4T000000PF3sUAG"
"a3D5w000001EFufEAG","0055w00000BkiP4AAJ","","Web Viewer","2020-05-14T11:38:20.000Z","0055w00000BkiP4AAJ","2021-02-09T19:27:32.000Z","0055w00000BkiP4AAJ","","","75.0","","a0b5w000010pAJpAAM","0.0","567_152","false","false","","","","","","","false","","","","","false","false","a3D4T000000PF3tUAG"
"a3D5w000001EFugEAG","0055w00000BkiP4AAJ","","Negative Balance Interest Charge*","2020-05-14T11:38:20.000Z","0055w00000BkiP4AAJ","2021-02-09T19:27:32.000Z","0055w00000BkiP4AAJ","","","0.0","","a0b5w000010pAJdAAM","0.0","113_95","false","false","","","","","","","false","","","","","false","false","a3D4T000000PF3uUAG"
"a3D5w000001EFuhEAG","0055w00000BkiP4AAJ","","Originated ACH Credit","2020-05-14T11:38:20.000Z","0055w00000BkiP4AAJ","2021-02-09T19:27:32.000Z","0055w00000BkiP4AAJ","","","0.2","","a0b5w000010pAJnAAM","0.0","4012_75","false","false","","","","","","","false","","","","","false","false","a3D4T000000PF3vUAG"
"a3D5w000001EFuiEAG","0055w00000BkiP4AAJ","","Originated ACH Debit","2020-05-14T11:38:20.000Z","0055w00000BkiP4AAJ","2021-02-09T19:27:32.000Z","0055w00000BkiP4AAJ","","","0.2","","a0b5w000010pAJnAAM","0.0","4011_76","false","false","","","","","","","false","","","","","false","false","a3D4T000000PF3wUAG"
"a3D5w000001EFujEAG","0055w00000BkiP4AAJ","","Partial Strap per Bill","2020-05-14T11:38:20.000Z","0055w00000BkiP4AAJ","2021-02-09T19:27:32.000Z","0055w00000BkiP4AAJ","","","0.25","","a0b5w000010pAJNAA2","0.0","1110_81","false","false","","","","","","","false","","","","","false","false","a3D4T000000PF3xUAG"
"a3D5w000001EFukEAG","0055w00000BkiP4AAJ","","Photocopied requests","2020-05-14T11:38:20.000Z","0055w00000BkiP4AAJ","2021-02-09T19:27:32.000Z","0055w00000BkiP4AAJ","","","5.0","","a0b5w000010pAJiAAM","0.0","NA_101","false","false","","","","","","","false","","","","","false","false","a3D4T000000PF3yUAG"
"a3D5w000001EFulEAG","0055w00000BkiP4AAJ","","Postdated/Stale Dated check fee","2020-05-14T11:38:20.000Z","0055w00000BkiP4AAJ","2021-02-09T19:27:32.000Z","0055w00000BkiP4AAJ","","","35.0","","a0b5w000010pAJiAAM","0.0","NA_102","false","false","","","","","","","false","","","","","false","false","a3D4T000000PF3zUAG"
"a3D5w000001EFumEAG","0055w00000BkiP4AAJ","","Pre-Encoded Checks - Local","2020-05-14T11:38:20.000Z","0055w00000BkiP4AAJ","2021-02-09T19:27:32.000Z","0055w00000BkiP4AAJ","","","0.08","","a0b5w000010pAJeAAM","0.038","1003_96","false","false","","","","","","","false","","","","","false","false","a3D4T000000PF40UAG"
"a3D5w000001EFunEAG","0055w00000BkiP4AAJ","","Pre-Encoded Checks - On Us","2020-05-14T11:38:20.000Z","0055w00000BkiP4AAJ","2021-02-09T19:27:32.000Z","0055w00000BkiP4AAJ","","","0.07","","a0b5w000010pAJeAAM","0.038","1002_97","false","false","","","","","","","false","","","","","false","false","a3D4T000000PF41UAG"
"a3D5w000001EFuoEAG","0055w00000BkiP4AAJ","","Pre-Encoded Rejects","2020-05-14T11:38:20.000Z","0055w00000BkiP4AAJ","2021-02-09T19:27:32.000Z","0055w00000BkiP4AAJ","","","0.05","","a0b5w000010pAJfAAM","0.0","1005_98","false","false","","","","","","","false","","","","","false","false","a3D4T000000PF42UAG"
"a3D5w000001EFupEAG","0055w00000BkiP4AAJ","","Repo Sweep Monthly","2020-05-14T11:38:20.000Z","0055w00000BkiP4AAJ","2021-02-09T19:27:32.000Z","0055w00000BkiP4AAJ","","","175.0","","a0b5w000010pAJhAAM","0.0","4514_109","false","false","","","","","","","false","","","","","false","false","a3D4T000000PF43UAG"
"a3D5w000001EFuqEAG","0055w00000BkiP4AAJ","","Repo Sweep Public/Non-Profit","2020-05-14T11:38:20.000Z","0055w00000BkiP4AAJ","2021-02-09T19:27:32.000Z","0055w00000BkiP4AAJ","","","100.0","","a0b5w000010pAJhAAM","0.0","4512_110","false","false","","","","","","","false","","","","","false","false","a3D4T000000PF44UAG"
"a3D5w000001EFurEAG","0055w00000BkiP4AAJ","","Repo Sweep Setup","2020-05-14T11:38:20.000Z","0055w00000BkiP4AAJ","2021-02-09T19:27:32.000Z","0055w00000BkiP4AAJ","","","25.0","","a0b5w000010pAJhAAM","0.0","4513_111","false","false","","","","","","","false","","","","","false","false","a3D4T000000PF45UAG"
"a3D5w000001EFusEAG","0055w00000BkiP4AAJ","","Return Deposited Item","2020-05-14T11:38:20.000Z","0055w00000BkiP4AAJ","2021-02-09T19:27:32.000Z","0055w00000BkiP4AAJ","","","8.0","","a0b5w000010pAJkAAM","0.0","105_103","false","false","","","","","","","false","","","","","false","false","a3D4T000000PF46UAG"
"a3D5w000001EFutEAG","0055w00000BkiP4AAJ","","Return Item Resubmit","2020-05-14T11:38:20.000Z","0055w00000BkiP4AAJ","2021-02-09T19:27:32.000Z","0055w00000BkiP4AAJ","","","2.25","","a0b5w000010pAJmAAM","0.0","NA_104","false","false","","","","","","","false","","","","","false","false","a3D4T000000PF47UAG"
"a3D5w000001EFuuEAG","0055w00000BkiP4AAJ","","Rolled Coin Purchased","2020-05-14T11:38:20.000Z","0055w00000BkiP4AAJ","2021-02-09T19:27:32.000Z","0055w00000BkiP4AAJ","","","0.12","","a0b5w000010pAJNAA2","0.0","1102_82","false","false","","","","","","","false","","","","","false","false","a3D4T000000PF48UAG"
"a3D5w000001EFuvEAG","0055w00000BkiP4AAJ","","Scanned Bills","2020-05-14T11:38:20.000Z","0055w00000BkiP4AAJ","2021-02-09T19:27:32.000Z","0055w00000BkiP4AAJ","","","1.0","","a0b5w000010pAJJAA2","0.0","4062_162","false","false","","","","","","","false","","","","","false","false","a3D4T000000PF49UAG"
"a3D5w000001EFuwEAG","0055w00000BkiP4AAJ","","Scraped Bills","2020-05-14T11:38:20.000Z","0055w00000BkiP4AAJ","2021-02-09T19:27:32.000Z","0055w00000BkiP4AAJ","","","0.0","","a0b5w000010pAJJAA2","0.0","4063_163","false","false","","","","","","","false","","","","","false","false","a3D4T000000PF4AUAW"
"a3D5w000001EFuxEAG","0055w00000BkiP4AAJ","","Small Business Wire Module","2020-05-14T11:38:20.000Z","0055w00000BkiP4AAJ","2021-02-09T19:27:32.000Z","0055w00000BkiP4AAJ","","","10.0","","a0b5w000010pAJXAA2","0.0","4025_173","false","false","","","","","","","false","","","","","false","false","a3D4T000000PF4BUAW"
"a3D5w000001EFuyEAG","0055w00000BkiP4AAJ","","Stop Payment Single","2020-05-14T11:38:20.000Z","0055w00000BkiP4AAJ","2021-02-09T19:27:32.000Z","0055w00000BkiP4AAJ","","","35.0","","a0b5w000010pAJoAAM","0.0","1016_106","false","false","","","","","","","false","","","","","false","false","a3D4T000000PF4CUAW"
"a3D5w000001EFuzEAG","0055w00000BkiP4AAJ","","90 Day History","2020-05-14T11:38:20.000Z","0055w00000BkiP4AAJ","2021-02-09T19:27:32.000Z","0055w00000BkiP4AAJ","","","0.0","","a0b5w000010pAJYAA2","0.0","4040_180","false","false","","","","","","","false","","","","","false","false","a3D4T000000PF4DUAW"
"a3D5w000001EFv0EAG","0055w00000BkiP4AAJ","","Book Transfer","2020-05-14T11:38:20.000Z","0055w00000BkiP4AAJ","2021-02-09T19:27:32.000Z","0055w00000BkiP4AAJ","","","1.0","","a0b5w000010pAJWAA2","0.0","4033_170","false","false","","","","","","","false","","","","","false","false","a3D4T000000PF4EUAW"
"a3D5w000001EFv1EAG","0055w00000BkiP4AAJ","","Book Transfer Monthly","2020-05-14T11:38:20.000Z","0055w00000BkiP4AAJ","2021-02-09T19:27:32.000Z","0055w00000BkiP4AAJ","","","0.0","","a0b5w000010pAJWAA2","0.0","4032_171","false","false","","","","","","","false","","","","","false","false","a3D4T000000PF4FUAW"
"a3D5w000001EFv2EAG","0055w00000BkiP4AAJ","","Book Transfer Setup","2020-05-14T11:38:20.000Z","0055w00000BkiP4AAJ","2021-02-09T19:27:32.000Z","0055w00000BkiP4AAJ","","","15.0","","a0b5w000010pAJWAA2","0.0","4031_172","false","false","","","","","","","false","","","","","false","false","a3D4T000000PF4GUAW"
"a3D5w000001EFv3EAG","0055w00000BkiP4AAJ","","Extended Stop Pymt Range","2020-05-14T11:38:20.000Z","0055w00000BkiP4AAJ","2021-02-09T19:27:32.000Z","0055w00000BkiP4AAJ","","","40.0","","a0b5w000010pAJcAAM","0.0","4007_195","false","false","","","","","","","false","","","","","false","false","a3D4T000000PF4HUAW"
"a3D5w000001EFv4EAG","0055w00000BkiP4AAJ","","Extended Stop Pymt Single","2020-05-14T11:38:20.000Z","0055w00000BkiP4AAJ","2021-02-09T19:27:32.000Z","0055w00000BkiP4AAJ","","","16.0","","a0b5w000010pAJcAAM","0.0","4006_196","false","false","","","","","","","false","","","","","false","false","a3D4T000000PF4IUAW"
"a3D5w000001EFv5EAG","0055w00000BkiP4AAJ","","Info Rpt Prior Day Mo","2020-05-14T11:38:20.000Z","0055w00000BkiP4AAJ","2021-02-09T19:27:32.000Z","0055w00000BkiP4AAJ","","","60.0","","a0b5w000010pAJYAA2","0.0","4035_181","false","false","","","","","","","false","","","","","false","false","a3D4T000000PF4JUAW"
"a3D5w000001EFv6EAG","0055w00000BkiP4AAJ","","Info Rpt Prior Day Mo 2nd and 3rd Accts","2020-05-14T11:38:20.000Z","0055w00000BkiP4AAJ","2021-02-09T19:27:32.000Z","0055w00000BkiP4AAJ","","","45.0","","a0b5w000010pAJYAA2","0.0","4035_182","false","false","","","","","","","false","","","","","false","false","a3D4T000000PF4KUAW"
"a3D5w000001EFv7EAG","0055w00000BkiP4AAJ","","Info Rpt Prior Day Mo 4 and &amp;amp;lt;","2020-05-14T11:38:20.000Z","0055w00000BkiP4AAJ","2021-02-09T19:27:32.000Z","0055w00000BkiP4AAJ","","","5.0","","a0b5w000010pAJYAA2","0.0","4035_183","false","false","","","","","","","false","","","","","false","false","a3D4T000000PF4LUAW"
"a3D5w000001EFv8EAG","0055w00000BkiP4AAJ","","Info Rpt Same Day Mo","2020-05-14T11:38:20.000Z","0055w00000BkiP4AAJ","2021-02-09T19:27:32.000Z","0055w00000BkiP4AAJ","","","70.0","","a0b5w000010pAJYAA2","0.0","4036_184","false","false","","","","","","","false","","","","","false","false","a3D4T000000PF4MUAW"
"a3D5w000001EFv9EAG","0055w00000BkiP4AAJ","","Info Rpt Same Day Mo 2nd and 3rd Accts","2020-05-14T11:38:20.000Z","0055w00000BkiP4AAJ","2021-02-09T19:27:32.000Z","0055w00000BkiP4AAJ","","","50.0","","a0b5w000010pAJYAA2","0.0","4036_185","false","false","","","","","","","false","","","","","false","false","a3D4T000000PF4NUAW"
"a3D5w000001EFvAEAW","0055w00000BkiP4AAJ","","Info Rpt Same Day Mo 4th and &amp;amp;lt;","2020-05-14T11:38:20.000Z","0055w00000BkiP4AAJ","2021-02-09T19:27:32.000Z","0055w00000BkiP4AAJ","","","10.0","","a0b5w000010pAJYAA2","0.0","4036_186","false","false","","","","","","","false","","","","","false","false","a3D4T000000PF4OUAW"
"a3D5w000001EFvBEAW","0055w00000BkiP4AAJ","","Info Rpt Setup","2020-05-14T11:38:20.000Z","0055w00000BkiP4AAJ","2021-02-09T19:27:32.000Z","0055w00000BkiP4AAJ","","","50.0","","a0b5w000010pAJYAA2","0.0","4034_187","false","false","","","","","","","false","","","","","false","false","a3D4T000000PF4PUAW"
"a3D5w000001EFvCEAW","0055w00000BkiP4AAJ","","Loan Module","2020-05-14T11:38:20.000Z","0055w00000BkiP4AAJ","2021-02-09T19:27:32.000Z","0055w00000BkiP4AAJ","","","25.0","","a0b5w000010pAJZAA2","0.0","4069_192","false","false","","","","","","","false","","","","","false","false","a3D4T000000PF4QUAW"
"a3D5w000001EFvDEAW","0055w00000BkiP4AAJ","","Prioir Day Detail","2020-05-14T11:38:20.000Z","0055w00000BkiP4AAJ","2021-02-09T19:27:32.000Z","0055w00000BkiP4AAJ","","","0.1","","a0b5w000010pAJYAA2","0.0","4047_188","false","false","","","","","","","false","","","","","false","false","a3D4T000000PF4RUAW"
"a3D5w000001EFvEEAW","0055w00000BkiP4AAJ","","Prioir Day Detail","2020-05-14T11:38:20.000Z","0055w00000BkiP4AAJ","2021-02-09T19:27:32.000Z","0055w00000BkiP4AAJ","","","0.1","","a0b5w000010pAJXAA2","0.0","4047_174","false","false","","","","","","","false","","","","","false","false","a3D4T000000PF4SUAW"
"a3D5w000001EFvFEAW","0055w00000BkiP4AAJ","","Prior Day Summary","2020-05-14T11:38:20.000Z","0055w00000BkiP4AAJ","2021-02-09T19:27:32.000Z","0055w00000BkiP4AAJ","","","0.0","","a0b5w000010pAJYAA2","0.0","4048_189","false","false","","","","","","","false","","","","","false","false","a3D4T000000PF4TUAW"
"a3D5w000001EFvGEAW","0055w00000BkiP4AAJ","","Release Stop Payment","2020-05-14T11:38:20.000Z","0055w00000BkiP4AAJ","2021-02-09T19:27:32.000Z","0055w00000BkiP4AAJ","","","8.0","","a0b5w000010pAJcAAM","0.0","4008_197","false","false","","","","","","","false","","","","","false","false","a3D4T000000PF4UUAW"
"a3D5w000001EFvHEAW","0055w00000BkiP4AAJ","","Same Day Detail","2020-05-14T11:38:20.000Z","0055w00000BkiP4AAJ","2021-02-09T19:27:32.000Z","0055w00000BkiP4AAJ","","","0.08","","a0b5w000010pAJYAA2","0.0","4046_190","false","false","","","","","","","false","","","","","false","false","a3D4T000000PF4VUAW"
"a3D5w000001EFvIEAW","0055w00000BkiP4AAJ","","Same Day Detail","2020-05-14T11:38:20.000Z","0055w00000BkiP4AAJ","2021-02-09T19:27:32.000Z","0055w00000BkiP4AAJ","","","0.08","","a0b5w000010pAJXAA2","0.0","4046_175","false","false","","","","","","","false","","","","","false","false","a3D4T000000PF4WUAW"
"a3D5w000001EFvJEAW","0055w00000BkiP4AAJ","","Same Day Summary","2020-05-14T11:38:20.000Z","0055w00000BkiP4AAJ","2021-02-09T19:27:32.000Z","0055w00000BkiP4AAJ","","","0.0","","a0b5w000010pAJYAA2","0.0","4045_191","false","false","","","","","","","false","","","","","false","false","a3D4T000000PF4XUAW"
"a3D5w000001EFvKEAW","0055w00000BkiP4AAJ","","Security Services Monthly","2020-05-14T11:38:20.000Z","0055w00000BkiP4AAJ","2021-02-09T19:27:32.000Z","0055w00000BkiP4AAJ","","","1.5","","a0b5w000010pAJaAAM","0.0","4049_193","false","false","","","","","","","false","","","","","false","false","a3D4T000000PF4YUAW"
"a3D5w000001EFvLEAW","0055w00000BkiP4AAJ","","Security Token","2020-05-14T11:38:20.000Z","0055w00000BkiP4AAJ","2021-02-09T19:27:32.000Z","0055w00000BkiP4AAJ","","","50.0","","a0b5w000010pAJbAAM","0.0","4042_194","false","false","","","","","","","false","","","","","false","false","a3D4T000000PF4ZUAW"
"a3D5w000001EFvMEAW","0055w00000BkiP4AAJ","","Services - Bundle A","2020-05-14T11:38:20.000Z","0055w00000BkiP4AAJ","2021-02-09T19:27:32.000Z","0055w00000BkiP4AAJ","","","15.0","","a0b5w000010pAJXAA2","0.0","4070_176","false","false","","","","","","","false","","","","","false","false","a3D4T000000PF4aUAG"
"a3D5w000001EFvNEAW","0055w00000BkiP4AAJ","","Services - Bundle B","2020-05-14T11:38:20.000Z","0055w00000BkiP4AAJ","2021-02-09T19:27:32.000Z","0055w00000BkiP4AAJ","","","30.0","","a0b5w000010pAJXAA2","0.0","4071_177","false","false","","","","","","","false","","","","","false","false","a3D4T000000PF4bUAG"
"a3D5w000001EFvOEAW","0055w00000BkiP4AAJ","","Services - Bundle C","2020-05-14T11:38:20.000Z","0055w00000BkiP4AAJ","2021-02-09T19:27:32.000Z","0055w00000BkiP4AAJ","","","40.0","","a0b5w000010pAJXAA2","0.0","4072_178","false","false","","","","","","","false","","","","","false","false","a3D4T000000PF4cUAG"
"a3D5w000001EFvPEAW","0055w00000BkiP4AAJ","","Services - Bundle C, 6 - 10 accounts","2020-05-14T11:38:20.000Z","0055w00000BkiP4AAJ","2021-02-09T19:27:32.000Z","0055w00000BkiP4AAJ","","","10.0","","a0b5w000010pAJXAA2","0.0","4072_179","false","false","","","","","","","false","","","","","false","false","a3D4T000000PF4dUAG"
"a3D5w000001EFvQEAW","0055w00000BkiP4AAJ","","Stop Payment Monthly","2020-05-14T11:38:20.000Z","0055w00000BkiP4AAJ","2021-02-09T19:27:32.000Z","0055w00000BkiP4AAJ","","","0.0","","a0b5w000010pAJcAAM","0.0","4002_198","false","false","","","","","","","false","","","","","false","false","a3D4T000000PF4eUAG"
"a3D5w000001EFvREAW","0055w00000BkiP4AAJ","","Stop Payment Range","2020-05-14T11:38:20.000Z","0055w00000BkiP4AAJ","2021-02-09T19:27:32.000Z","0055w00000BkiP4AAJ","","","20.0","","a0b5w000010pAJcAAM","0.0","4005_199","false","false","","","","","","","false","","","","","false","false","a3D4T000000PF4fUAG"
"a3D5w000001EFvSEAW","0055w00000BkiP4AAJ","","Stop Payment Setup","2020-05-14T11:38:20.000Z","0055w00000BkiP4AAJ","2021-02-09T19:27:32.000Z","0055w00000BkiP4AAJ","","","15.0","","a0b5w000010pAJcAAM","0.0","4001_200","false","false","","","","","","","false","","","","","false","false","a3D4T000000PF4gUAG"
"a3D5w000001EFvTEAW","0055w00000BkiP4AAJ","","Stop Payment Single","2020-05-14T11:38:20.000Z","0055w00000BkiP4AAJ","2021-02-09T19:27:32.000Z","0055w00000BkiP4AAJ","","","12.0","","a0b5w000010pAJcAAM","0.0","4003_201","false","false","","","","","","","false","","","","","false","false","a3D4T000000PF4hUAG"
"a3D5w000001EFvUEAW","0055w00000BkiP4AAJ","","Third Party Payroll File","2020-05-14T11:38:20.000Z","0055w00000BkiP4AAJ","2021-02-09T19:27:32.000Z","0055w00000BkiP4AAJ","","","20.0","","a0b5w000010pAJDAA2","0.0","3514_50","false","false","","","","","","","false","","","","","false","false","a3D4T000000PF4iUAG"
"a3D5w000001EFvVEAW","0055w00000BkiP4AAJ","","Wire Fax Notice In/Out","2020-05-14T11:38:20.000Z","0055w00000BkiP4AAJ","2021-02-09T19:27:32.000Z","0055w00000BkiP4AAJ","","","20.0","","a0b5w000010pAJrAAM","0.0","3547_234","false","false","","","","","","","false","","","","","false","false","a3D4T000000PF4jUAG"
"a3D5w000001EFvWEAW","0055w00000BkiP4AAJ","","Wire Fax Notification","2020-05-14T11:38:20.000Z","0055w00000BkiP4AAJ","2021-02-09T19:27:32.000Z","0055w00000BkiP4AAJ","","","4.0","","a0b5w000010pAJrAAM","0.0","3546_235","false","false","","","","","","","false","","","","","false","false","a3D4T000000PF4kUAG"
"a3D5w000001EFvXEAW","0055w00000BkiP4AAJ","","Wire Notice Online Monthly","2020-05-14T11:38:20.000Z","0055w00000BkiP4AAJ","2021-02-09T19:27:32.000Z","0055w00000BkiP4AAJ","","","20.0","","a0b5w000010pAJrAAM","0.0","3550_236","false","false","","","","","","","false","","","","","false","false","a3D4T000000PF4lUAG"
"a3D5w000001EFvYEAW","0055w00000BkiP4AAJ","","Wire Notification E-mail","2020-05-14T11:38:20.000Z","0055w00000BkiP4AAJ","2021-02-09T19:27:32.000Z","0055w00000BkiP4AAJ","","","2.0","","a0b5w000010pAJrAAM","0.0","3552_237","false","false","","","","","","","false","","","","","false","false","a3D4T000000PF4mUAG"
"a3D5w000001EFvZEAW","0055w00000BkiP4AAJ","","Zero Balance Master Account","2020-05-14T11:38:20.000Z","0055w00000BkiP4AAJ","2021-02-09T19:27:32.000Z","0055w00000BkiP4AAJ","","","40.0","","a0b5w000010pAJtAAM","0.0","4502_116","false","false","","","","","","","false","","","","","false","false","a3D4T000000PF4nUAG"
"a3D5w000001EFvaEAG","0055w00000BkiP4AAJ","","Zero Balance Sub Account","2020-05-14T11:38:20.000Z","0055w00000BkiP4AAJ","2021-02-09T19:27:32.000Z","0055w00000BkiP4AAJ","","","25.0","","a0b5w000010pAJtAAM","0.0","4501_117","false","false","","","","","","","false","","","","","false","false","a3D4T000000PF4oUAG"
"a3D5w000001EFvbEAG","0055w00000BkiP4AAJ","","Remote Deposit - Item","2020-05-14T11:38:20.000Z","0055w00000BkiP4AAJ","2020-05-14T11:38:20.000Z","0055w00000BkiP4AAJ","","","0.0","","a0b5w000010pAJgAAM","0.1","","true","false","","","","","0.08","Tiered","false","N/A;Platinum;Gold;Silver","0.09","1:0.19,501:0.18","","false","false",""
"a3D5w000001EFvcEAG","0055w00000BkiP4AAJ","","Remote Deposit - Volume","2020-05-14T11:38:20.000Z","0055w00000BkiP4AAJ","2020-05-14T11:38:20.000Z","0055w00000BkiP4AAJ","","","0.0","","a0b5w000010pAJgAAM","0.1","","true","false","","","","","0.1","Progressive Tiered","false","N/A;Platinum;Gold;Silver","0.09","1:0.19,1001:0.18,2001:0.17,3001:0.16,5001:0.15","","false","false",""
"a3D5w000001EFvdEAG","0055w00000BkiP4AAJ","","Remote Deposit - Setup","2020-05-14T11:38:20.000Z","0055w00000BkiP4AAJ","2020-05-14T11:38:20.000Z","0055w00000BkiP4AAJ","","","300.0","","a0b5w000010pAJgAAM","0.0","","false","false","","","","","0.0","Single","false","N/A;Platinum;Gold;Silver","0.0","","","false","false",""
"a3D5w000001EFveEAG","0055w00000BkiP4AAJ","","Remote Deposit - Capture","2020-05-14T11:38:20.000Z","0055w00000BkiP4AAJ","2020-05-14T11:38:20.000Z","0055w00000BkiP4AAJ","","","0.19","","a0b5w000010pAJgAAM","0.1","","true","false","","","","","0.08","Single","false","N/A;Platinum;Gold;Silver","0.09","","","false","false",""
"a3D5w000001EFvfEAG","0055w00000BkiP4AAJ","","Wire Incoming - Setup","2020-05-14T11:38:20.000Z","0055w00000BkiP4AAJ","2020-05-14T11:38:20.000Z","0055w00000BkiP4AAJ","","","200.0","","a0b5w000010pAJqAAM","0.1","","true","false","","","","","0.08","Single","false","N/A;Platinum;Gold;Silver","0.09","","","false","false",""
"a3D5w000001EFvgEAG","0055w00000BkiP4AAJ","","Wire Incoming - Capture","2020-05-14T11:38:20.000Z","0055w00000BkiP4AAJ","2020-05-14T11:38:20.000Z","0055w00000BkiP4AAJ","","","0.19","","a0b5w000010pAJqAAM","0.1","","true","false","","","","","0.08","Single","false","N/A;Platinum;Gold;Silver","0.09","","","false","false",""
"a3D5w000001EFvhEAG","0055w00000BkiP4AAJ","","Wire Incoming - Item","2020-05-14T11:38:20.000Z","0055w00000BkiP4AAJ","2020-05-14T11:38:20.000Z","0055w00000BkiP4AAJ","","","0.0","","a0b5w000010pAJqAAM","0.1","","true","false","","","","","0.08","Tiered","false","N/A;Platinum;Gold;Silver","0.09","1:0.19,501:0.17","","false","false",""
"a3D5w000001EFviEAG","0055w00000BkiP4AAJ","","Wire Incoming - Exception","2020-05-14T11:38:20.000Z","0055w00000BkiP4AAJ","2020-05-14T11:38:20.000Z","0055w00000BkiP4AAJ","","","0.0","","a0b5w000010pAJqAAM","0.1","","true","false","","","","","0.08","Progressive Tiered","false","N/A;Platinum;Gold;Silver","0.09","1:0.19,1001:0.18,2001:0.16,3001:0.16,5001:0.16","","false","false",""
"a3D5w000001EFvjEAG","0055w00000BkiP4AAJ","","Wire Outgoing - Manual","2020-05-14T11:38:20.000Z","0055w00000BkiP4AAJ","2020-05-14T11:38:20.000Z","0055w00000BkiP4AAJ","","","65.0","","a0b5w000010pAJsAAM","40.0","","true","false","","","","","50.0","Single","false","N/A;Platinum;Gold;Silver","45.0","","","false","false",""
"a3D5w000001EFvkEAG","0055w00000BkiP4AAJ","","Wire Outgoing - Tiered","2020-05-14T11:38:20.000Z","0055w00000BkiP4AAJ","2020-05-14T11:38:20.000Z","0055w00000BkiP4AAJ","","","0.0","","a0b5w000010pAJsAAM","0.1","","true","false","","","","","0.08","Tiered","false","N/A;Platinum;Gold;Silver","0.09","1:15,26:10","","false","false",""
"a3D5w000001EFvlEAG","0055w00000BkiP4AAJ","","Wire Setup Base Fee","2020-05-14T11:38:20.000Z","0055w00000BkiP4AAJ","2020-05-14T11:38:20.000Z","0055w00000BkiP4AAJ","","","350.0","","a0b5w000010pAJsAAM","0.0","","false","false","","","","","0.0","Single","false","N/A;Platinum;Gold;Silver","0.0","","","false","false",""
"a3D5w000001EFvmEAG","0055w00000BkiP4AAJ","","Wire Setup Fee Per Instance","2020-05-14T11:38:20.000Z","0055w00000BkiP4AAJ","2020-05-14T11:38:20.000Z","0055w00000BkiP4AAJ","","","50.0","","a0b5w000010pAJsAAM","0.0","","false","false","","","","","0.0","Single","false","N/A;Platinum;Gold;Silver","0.0","","","true","false",""
"a3D5w000001EFvnEAG","0055w00000BkiP4AAJ","","Wire Reversal Fee","2020-05-14T11:38:20.000Z","0055w00000BkiP4AAJ","2020-05-14T11:38:20.000Z","0055w00000BkiP4AAJ","","","75.35","","a0b5w000010pAJsAAM","0.0","","true","false","","","","","0.0","Single","false","N/A;Platinum;Gold;Silver","0.0","","","false","false",""
"a3D5w000001EFvoEAG","0055w00000BkiP4AAJ","","Express Wire","2020-05-14T11:38:20.000Z","0055w00000BkiP4AAJ","2020-05-14T11:38:20.000Z","0055w00000BkiP4AAJ","","","135.25","","a0b5w000010pAJsAAM","0.0","","true","false","","","","","0.0","Single","false","N/A;Platinum;Gold;Silver","0.0","","","false","false",""
"a3D5w000001EFvpEAG","0055w00000BkiP4AAJ","","Wire Reporting","2020-05-14T11:38:20.000Z","0055w00000BkiP4AAJ","2020-05-14T11:38:20.000Z","0055w00000BkiP4AAJ","","","100.0","","a0b5w000010pAJsAAM","0.0","","true","false","","","","","0.0","Single","false","N/A;Platinum;Gold;Silver","0.0","","","false","false",""
"a3D5w000001EFvqEAG","0055w00000BkiP4AAJ","","Wire Recon","2020-05-14T11:38:20.000Z","0055w00000BkiP4AAJ","2020-05-14T11:38:20.000Z","0055w00000BkiP4AAJ","","","225.0","","a0b5w000010pAJsAAM","0.0","","true","false","","","","","0.0","Single","false","N/A;Platinum;Gold;Silver","0.0","","","false","false",""
"a3D5w000001EFvrEAG","0055w00000BkiP4AAJ","","Wire Notification E-mail","2020-05-14T11:38:20.000Z","0055w00000BkiP4AAJ","2020-05-14T11:38:20.000Z","0055w00000BkiP4AAJ","","","2.25","","a0b5w000010pAJsAAM","0.0","","true","false","","","","","0.0","Single","false","N/A;Platinum;Gold;Silver","0.0","","","false","false",""
"a3D5w000001EFvsEAG","0055w00000BkiP4AAJ","","Wire Notification Mail","2020-05-14T11:38:20.000Z","0055w00000BkiP4AAJ","2020-05-14T11:38:20.000Z","0055w00000BkiP4AAJ","","","5.45","","a0b5w000010pAJsAAM","0.0","","true","false","","","","","0.0","Single","false","N/A;Platinum;Gold;Silver","0.0","","","false","false",""
"a3D5w000001EFvtEAG","0055w00000BkiP4AAJ","","Wire Reaserch","2020-05-14T11:38:20.000Z","0055w00000BkiP4AAJ","2020-05-14T11:38:20.000Z","0055w00000BkiP4AAJ","","","125.0","","a0b5w000010pAJsAAM","0.0","","true","false","","","","","0.0","Single","false","N/A;Platinum;Gold;Silver","0.0","","","false","false",""
"a3D5w000001EFvuEAG","0055w00000BkiP4AAJ","","Wire Outgoing - PT","2020-05-14T11:38:20.000Z","0055w00000BkiP4AAJ","2020-05-14T11:38:20.000Z","0055w00000BkiP4AAJ","","","0.0","","a0b5w000010pAJsAAM","1.0","","true","false","","","","","0.08","Progressive Tiered","false","N/A;Platinum;Gold;Silver","0.09","1:15,26:14,51:12","","false","false",""
"a3D5w000001EFvvEAG","0055w00000BkiP4AAJ","","Lockbox - Single","2020-05-14T11:38:20.000Z","0055w00000BkiP4AAJ","2020-05-14T11:38:20.000Z","0055w00000BkiP4AAJ","","","26.0","","a0b5w000010pAJjAAM","0.1","","true","false","","","","","0.08","Single","false","N/A;Platinum;Gold;Silver","0.09","","","false","false",""
"a3D5w000001EFvwEAG","0055w00000BkiP4AAJ","","Lockbox - Tiered","2020-05-14T11:38:20.000Z","0055w00000BkiP4AAJ","2020-05-14T11:38:20.000Z","0055w00000BkiP4AAJ","","","0.0","","a0b5w000010pAJjAAM","0.1","","true","false","","","","","0.8","Tiered","false","N/A;Platinum;Gold;Silver","0.9","1:26,51:24","","false","false",""
"a3D5w000001EFvxEAG","0055w00000BkiP4AAJ","","Lockbox - Progressive Tiered","2020-05-14T11:38:20.000Z","0055w00000BkiP4AAJ","2020-05-14T11:38:20.000Z","0055w00000BkiP4AAJ","","","0.0","","a0b5w000010pAJjAAM","0.1","","true","false","","","","","0.8","Progressive Tiered","false","N/A;Platinum;Gold;Silver","0.9","1:26,26:24,51:18","","false","false",""
"a3D5w000001EFvyEAG","0055w00000BkiP4AAJ","","ACH Setup Fee","2020-05-14T11:38:20.000Z","0055w00000BkiP4AAJ","2020-05-14T11:38:20.000Z","0055w00000BkiP4AAJ","","","500.0","","a0b5w000010pAKNAA2","0.0","","false","false","","","","","0.0","Single","false","N/A;Platinum;Gold;Silver","0.0","","","false","false",""
