"Id","OwnerId","IsDeleted","Name","CreatedDate","CreatedById","LastModifiedDate","LastModifiedById","SystemModstamp","LastActivityDate","LastViewedDate","LastReferencedDate","LLC_BI__Child_Product_Reference__c","LLC_BI__Is_Required__c","LLC_BI__Parent_Product_Reference__c","LLC_BI__Type__c","nPortal__Is_Portal_Default_Selected__c","nPortal__Is_Portal_Enabled__c","LLC_BI__Use_In_Branch__c","AutorabitExtId__c"
"a3O5w0000001wzSEAQ","0055w00000BkiP4AAJ","","PC-000000082","2020-05-14T11:38:20.000Z","0055w00000BkiP4AAJ","2021-02-09T19:27:48.000Z","0055w00000BkiP4AAJ","","","","","","false","","Dependency","false","true","false","a3O4T000000g5oKUAQ"
"a3O5w0000001wzTEAQ","0055w00000BkiP4AAJ","","PC-000000083","2020-05-14T11:38:20.000Z","0055w00000BkiP4AAJ","2021-02-09T19:27:48.000Z","0055w00000BkiP4AAJ","","","","","","false","","Dependency","false","true","false","a3O4T000000g5oLUAQ"
"a3O5w0000001wzUEAQ","0055w00000BkiP4AAJ","","PC-000000084","2020-05-14T11:38:20.000Z","0055w00000BkiP4AAJ","2021-02-09T19:27:48.000Z","0055w00000BkiP4AAJ","","","","","","false","","Dependency","false","true","false","a3O4T000000g5oMUAQ"
"a3O5w0000001wzVEAQ","0055w00000BkiP4AAJ","","PC-000000085","2020-05-14T11:38:20.000Z","0055w00000BkiP4AAJ","2021-02-09T19:27:48.000Z","0055w00000BkiP4AAJ","","","","","","false","","Dependency","false","true","false","a3O4T000000g5oNUAQ"
"a3O5w0000001wzWEAQ","0055w00000BkiP4AAJ","","PC-000000090","2020-05-14T11:38:20.000Z","0055w00000BkiP4AAJ","2021-02-09T19:27:48.000Z","0055w00000BkiP4AAJ","","","","","","false","","Dependency","false","true","false","a3O4T000000g5oOUAQ"
"a3O5w0000001wzXEAQ","0055w00000BkiP4AAJ","","PC-000000091","2020-05-14T11:38:20.000Z","0055w00000BkiP4AAJ","2021-02-09T19:27:48.000Z","0055w00000BkiP4AAJ","","","","","","false","","Dependency","false","true","true","a3O4T000000g5oPUAQ"
"a3O5w0000001wzYEAQ","0055w00000BkiP4AAJ","","PC-000000093","2020-05-14T11:38:20.000Z","0055w00000BkiP4AAJ","2021-02-09T19:27:48.000Z","0055w00000BkiP4AAJ","","","","","","false","","Dependency","false","true","false","a3O4T000000g5oQUAQ"
"a3O5w0000001wzZEAQ","0055w00000BkiP4AAJ","","PC-000000094","2020-05-14T11:38:20.000Z","0055w00000BkiP4AAJ","2021-02-09T19:27:48.000Z","0055w00000BkiP4AAJ","","","","","","false","","Dependency","false","true","false","a3O4T000000g5oRUAQ"
"a3O5w0000001wzaEAA","0055w00000BkiP4AAJ","","PC-000000096","2020-05-14T11:38:20.000Z","0055w00000BkiP4AAJ","2021-02-09T19:27:48.000Z","0055w00000BkiP4AAJ","","","","","","false","","Dependency","false","true","false","a3O4T000000g5oSUAQ"
"a3O5w0000001wzbEAA","0055w00000BkiP4AAJ","","PC-000000098","2020-05-14T11:38:20.000Z","0055w00000BkiP4AAJ","2021-02-09T19:27:48.000Z","0055w00000BkiP4AAJ","","","","","","false","","Dependency","false","true","false","a3O4T000000g5oTUAQ"
"a3O5w0000001wzcEAA","0055w00000BkiP4AAJ","","PC-000000099","2020-05-14T11:38:20.000Z","0055w00000BkiP4AAJ","2021-02-09T19:27:48.000Z","0055w00000BkiP4AAJ","","","","","","false","","Dependency","false","true","false","a3O4T000000g5oUUAQ"
"a3O5w0000001wzdEAA","0055w00000BkiP4AAJ","","PC-000000101","2020-05-14T11:38:20.000Z","0055w00000BkiP4AAJ","2021-02-09T19:27:48.000Z","0055w00000BkiP4AAJ","","","","","","false","","Dependency","false","true","false","a3O4T000000g5oVUAQ"
"a3O5w0000001wzeEAA","0055w00000BkiP4AAJ","","PC-000000102","2020-05-14T11:38:20.000Z","0055w00000BkiP4AAJ","2021-02-09T19:27:48.000Z","0055w00000BkiP4AAJ","","","","","","false","","Dependency","false","true","false","a3O4T000000g5oWUAQ"
"a3O5w0000001wzfEAA","0055w00000BkiP4AAJ","","PC-000000103","2020-05-14T11:38:20.000Z","0055w00000BkiP4AAJ","2021-02-09T19:27:48.000Z","0055w00000BkiP4AAJ","","","","","","false","","Dependency","false","true","false","a3O4T000000g5oXUAQ"
"a3O5w0000001wzgEAA","0055w00000BkiP4AAJ","","PC-000000104","2020-05-14T11:38:20.000Z","0055w00000BkiP4AAJ","2021-02-09T19:27:48.000Z","0055w00000BkiP4AAJ","","","","","","false","","Dependency","false","true","false","a3O4T000000g5oYUAQ"
"a3O5w0000001wzhEAA","0055w00000BkiP4AAJ","","PC-000000106","2020-05-14T11:38:20.000Z","0055w00000BkiP4AAJ","2021-02-09T19:27:48.000Z","0055w00000BkiP4AAJ","","","","","","false","","Dependency","false","true","false","a3O4T000000g5oZUAQ"
"a3O5w0000001wziEAA","0055w00000BkiP4AAJ","","PC-000000107","2020-05-14T11:38:20.000Z","0055w00000BkiP4AAJ","2021-02-09T19:27:48.000Z","0055w00000BkiP4AAJ","","","","","","false","","Dependency","false","true","false","a3O4T000000g5oaUAA"
"a3O5w0000001wzjEAA","0055w00000BkiP4AAJ","","PC-000000108","2020-05-14T11:38:20.000Z","0055w00000BkiP4AAJ","2021-02-09T19:27:48.000Z","0055w00000BkiP4AAJ","","","","","","false","","Dependency","false","true","false","a3O4T000000g5obUAA"
"a3O5w0000001wzkEAA","0055w00000BkiP4AAJ","","PC-000000109","2020-05-14T11:38:20.000Z","0055w00000BkiP4AAJ","2021-02-09T19:27:48.000Z","0055w00000BkiP4AAJ","","","","","","false","","Dependency","false","true","false","a3O4T000000g5ocUAA"
"a3O5w0000001wzlEAA","0055w00000BkiP4AAJ","","PC-000000110","2020-05-14T11:38:20.000Z","0055w00000BkiP4AAJ","2021-02-09T19:27:48.000Z","0055w00000BkiP4AAJ","","","","","","false","","Dependency","false","true","false","a3O4T000000g5odUAA"
"a3O5w0000001wzmEAA","0055w00000BkiP4AAJ","","PC-000000112","2020-05-14T11:38:20.000Z","0055w00000BkiP4AAJ","2021-02-09T19:27:48.000Z","0055w00000BkiP4AAJ","","","","","","false","","Dependency","false","true","false","a3O4T000000g5oeUAA"
"a3O5w0000001wznEAA","0055w00000BkiP4AAJ","","PC-000000113","2020-05-14T11:38:20.000Z","0055w00000BkiP4AAJ","2021-02-09T19:27:48.000Z","0055w00000BkiP4AAJ","","","","","","false","","Dependency","false","true","false","a3O4T000000g5ofUAA"
"a3O5w0000001wzoEAA","0055w00000BkiP4AAJ","","PC-000000114","2020-05-14T11:38:20.000Z","0055w00000BkiP4AAJ","2021-02-09T19:27:48.000Z","0055w00000BkiP4AAJ","","","","","","false","","Dependency","false","true","false","a3O4T000000g5ogUAA"
"a3O5w0000001wzpEAA","0055w00000BkiP4AAJ","","PC-000000118","2020-05-14T11:38:20.000Z","0055w00000BkiP4AAJ","2021-02-09T19:27:48.000Z","0055w00000BkiP4AAJ","","","","","","false","","Dependency","false","true","false","a3O4T000000g5ohUAA"
"a3O5w0000001wzqEAA","0055w00000BkiP4AAJ","","PC-000000119","2020-05-14T11:38:20.000Z","0055w00000BkiP4AAJ","2021-02-09T19:27:48.000Z","0055w00000BkiP4AAJ","","","","","","false","","Dependency","false","true","false","a3O4T000000g5oiUAA"
"a3O5w0000001wzrEAA","0055w00000BkiP4AAJ","","PC-000000120","2020-05-14T11:38:20.000Z","0055w00000BkiP4AAJ","2021-02-09T19:27:48.000Z","0055w00000BkiP4AAJ","","","","","","false","","Dependency","false","true","false","a3O4T000000g5ojUAA"
"a3O5w0000001wzsEAA","0055w00000BkiP4AAJ","","PC-000000123","2020-05-14T11:38:20.000Z","0055w00000BkiP4AAJ","2021-02-09T19:27:48.000Z","0055w00000BkiP4AAJ","","","","","","false","","Dependency","false","true","false","a3O4T000000g5okUAA"
"a3O5w0000001wztEAA","0055w00000BkiP4AAJ","","PC-000000124","2020-05-14T11:38:20.000Z","0055w00000BkiP4AAJ","2021-02-09T19:27:48.000Z","0055w00000BkiP4AAJ","","","","","","false","","Dependency","false","true","false","a3O4T000000g5olUAA"
"a3O5w0000001wzuEAA","0055w00000BkiP4AAJ","","PC-000000125","2020-05-14T11:38:20.000Z","0055w00000BkiP4AAJ","2021-02-09T19:27:48.000Z","0055w00000BkiP4AAJ","","","","","","false","","Dependency","false","true","false","a3O4T000000g5omUAA"
"a3O5w0000001wzvEAA","0055w00000BkiP4AAJ","","PC-000000126","2020-05-14T11:38:20.000Z","0055w00000BkiP4AAJ","2021-02-09T19:27:48.000Z","0055w00000BkiP4AAJ","","","","","","false","","Dependency","false","true","false","a3O4T000000g5onUAA"
"a3O5w0000001wzwEAA","0055w00000BkiP4AAJ","","PC-000000127","2020-05-14T11:38:20.000Z","0055w00000BkiP4AAJ","2021-02-09T19:27:48.000Z","0055w00000BkiP4AAJ","","","","","","false","","Dependency","false","true","false","a3O4T000000g5ooUAA"
"a3O5w0000001wzxEAA","0055w00000BkiP4AAJ","","PC-000000133","2020-05-14T11:38:20.000Z","0055w00000BkiP4AAJ","2021-02-09T19:27:48.000Z","0055w00000BkiP4AAJ","","","","","","false","","Dependency","false","true","false","a3O4T000000g5opUAA"
"a3O5w0000001wzyEAA","0055w00000BkiP4AAJ","","PC-000000134","2020-05-14T11:38:20.000Z","0055w00000BkiP4AAJ","2021-02-09T19:27:48.000Z","0055w00000BkiP4AAJ","","","","","","false","","Dependency","false","true","false","a3O4T000000g5oqUAA"
"a3O5w0000001wzzEAA","0055w00000BkiP4AAJ","","PC-000000135","2020-05-14T11:38:20.000Z","0055w00000BkiP4AAJ","2021-02-09T19:27:48.000Z","0055w00000BkiP4AAJ","","","","","","false","","Dependency","false","true","false","a3O4T000000g5orUAA"
"a3O5w0000001x00EAA","0055w00000BkiP4AAJ","","PC-000000138","2020-05-14T11:38:20.000Z","0055w00000BkiP4AAJ","2021-02-09T19:27:48.000Z","0055w00000BkiP4AAJ","","","","","","false","","Dependency","false","true","false","a3O4T000000g5osUAA"
"a3O5w0000001x01EAA","0055w00000BkiP4AAJ","","PC-000000139","2020-05-14T11:38:20.000Z","0055w00000BkiP4AAJ","2021-02-09T19:27:48.000Z","0055w00000BkiP4AAJ","","","","","","false","","Dependency","false","true","false","a3O4T000000g5otUAA"
"a3O5w0000001x02EAA","0055w00000BkiP4AAJ","","PC-000000141","2020-05-14T11:38:20.000Z","0055w00000BkiP4AAJ","2021-02-09T19:27:48.000Z","0055w00000BkiP4AAJ","","","","","","false","","Dependency","false","true","false","a3O4T000000g5ouUAA"
"a3O5w0000001x03EAA","0055w00000BkiP4AAJ","","PC-000000142","2020-05-14T11:38:20.000Z","0055w00000BkiP4AAJ","2021-02-09T19:27:48.000Z","0055w00000BkiP4AAJ","","","","","","false","","Dependency","false","true","false","a3O4T000000g5ovUAA"
"a3O5w0000001x04EAA","0055w00000BkiP4AAJ","","PC-000000143","2020-05-14T11:38:20.000Z","0055w00000BkiP4AAJ","2021-02-09T19:27:48.000Z","0055w00000BkiP4AAJ","","","","","","false","","Dependency","false","true","false","a3O4T000000g5owUAA"
"a3O5w0000001x05EAA","0055w00000BkiP4AAJ","","PC-000000144","2020-05-14T11:38:20.000Z","0055w00000BkiP4AAJ","2021-02-09T19:27:48.000Z","0055w00000BkiP4AAJ","","","","","","false","","Dependency","false","true","false","a3O4T000000g5oxUAA"
"a3O5w0000001x06EAA","0055w00000BkiP4AAJ","","PC-000000145","2020-05-14T11:38:20.000Z","0055w00000BkiP4AAJ","2021-02-09T19:27:48.000Z","0055w00000BkiP4AAJ","","","","","","false","","Dependency","false","true","false","a3O4T000000g5oyUAA"
"a3O5w0000001x07EAA","0055w00000BkiP4AAJ","","PC-000000146","2020-05-14T11:38:20.000Z","0055w00000BkiP4AAJ","2021-02-09T19:27:48.000Z","0055w00000BkiP4AAJ","","","","","","false","","Dependency","false","true","false","a3O4T000000g5ozUAA"
"a3O5w0000001x08EAA","0055w00000BkiP4AAJ","","PC-000000147","2020-05-14T11:38:20.000Z","0055w00000BkiP4AAJ","2021-02-09T19:27:48.000Z","0055w00000BkiP4AAJ","","","","","","false","","Dependency","false","true","true","a3O4T000000g5p0UAA"
"a3O5w0000001x09EAA","0055w00000BkiP4AAJ","","PC-000000149","2020-05-14T11:38:20.000Z","0055w00000BkiP4AAJ","2021-02-09T19:27:48.000Z","0055w00000BkiP4AAJ","","","","","","false","","Dependency","false","true","false","a3O4T000000g5p1UAA"
"a3O5w0000001x0AEAQ","0055w00000BkiP4AAJ","","PC-000000151","2020-05-14T11:38:20.000Z","0055w00000BkiP4AAJ","2021-02-09T19:27:48.000Z","0055w00000BkiP4AAJ","","","","","","false","","Dependency","false","true","false","a3O4T000000g5p2UAA"
"a3O5w0000001x0BEAQ","0055w00000BkiP4AAJ","","PC-000000152","2020-05-14T11:38:20.000Z","0055w00000BkiP4AAJ","2021-02-09T19:27:48.000Z","0055w00000BkiP4AAJ","","","","","","false","","Dependency","false","true","false","a3O4T000000g5p3UAA"
"a3O5w0000001x0CEAQ","0055w00000BkiP4AAJ","","PC-000000155","2020-05-14T11:38:20.000Z","0055w00000BkiP4AAJ","2021-02-09T19:27:48.000Z","0055w00000BkiP4AAJ","","","","","","false","","Dependency","false","true","false","a3O4T000000g5p4UAA"
"a3O5w0000001x0DEAQ","0055w00000BkiP4AAJ","","PC-000000157","2020-05-14T11:38:20.000Z","0055w00000BkiP4AAJ","2021-02-09T19:27:48.000Z","0055w00000BkiP4AAJ","","","","","","false","","Dependency","false","true","false","a3O4T000000g5p5UAA"
"a3O5w0000001x0EEAQ","0055w00000BkiP4AAJ","","PC-000000158","2020-05-14T11:38:20.000Z","0055w00000BkiP4AAJ","2021-02-09T19:27:48.000Z","0055w00000BkiP4AAJ","","","","","","false","","Dependency","false","true","false","a3O4T000000g5p6UAA"
"a3O5w0000001x0FEAQ","0055w00000BkiP4AAJ","","PC-000000160","2020-05-14T11:38:20.000Z","0055w00000BkiP4AAJ","2021-02-09T19:27:48.000Z","0055w00000BkiP4AAJ","","","","","","false","","Dependency","false","true","true","a3O4T000000g5p7UAA"
"a3O5w0000001x0GEAQ","0055w00000BkiP4AAJ","","PC-000000161","2020-05-14T11:38:20.000Z","0055w00000BkiP4AAJ","2021-02-09T19:27:48.000Z","0055w00000BkiP4AAJ","","","","","","false","","Dependency","false","true","true","a3O4T000000g5p8UAA"
"a3O5w0000001x0HEAQ","0055w00000BkiP4AAJ","","PC-000000162","2020-05-14T11:38:20.000Z","0055w00000BkiP4AAJ","2021-02-09T19:27:48.000Z","0055w00000BkiP4AAJ","","","","","","false","","Dependency","false","true","false","a3O4T000000g5p9UAA"
"a3O5w0000001x0IEAQ","0055w00000BkiP4AAJ","","PC-000000163","2020-05-14T11:38:20.000Z","0055w00000BkiP4AAJ","2021-02-09T19:27:48.000Z","0055w00000BkiP4AAJ","","","","","","false","","Dependency","false","true","true","a3O4T000000g5pAUAQ"
"a3O5w0000001x0JEAQ","0055w00000BkiP4AAJ","","PC-000000164","2020-05-14T11:38:20.000Z","0055w00000BkiP4AAJ","2021-02-09T19:27:48.000Z","0055w00000BkiP4AAJ","","","","","","false","","Dependency","false","true","true","a3O4T000000g5pBUAQ"
"a3O5w0000001x0KEAQ","0055w00000BkiP4AAJ","","PC-000000165","2020-05-14T11:38:20.000Z","0055w00000BkiP4AAJ","2021-02-09T19:27:48.000Z","0055w00000BkiP4AAJ","","","","","","false","","Dependency","false","true","true","a3O4T000000g5pCUAQ"
"a3O5w0000001x0LEAQ","0055w00000BkiP4AAJ","","PC-000000166","2020-05-14T11:38:20.000Z","0055w00000BkiP4AAJ","2021-02-09T19:27:48.000Z","0055w00000BkiP4AAJ","","","","","","false","","Dependency","false","true","true","a3O4T000000g5pDUAQ"
"a3O5w0000001x0MEAQ","0055w00000BkiP4AAJ","","PC-000000167","2020-05-14T11:38:20.000Z","0055w00000BkiP4AAJ","2021-02-09T19:27:48.000Z","0055w00000BkiP4AAJ","","","","","","false","","Dependency","false","true","false","a3O4T000000g5pEUAQ"
"a3O5w0000001x0NEAQ","0055w00000BkiP4AAJ","","PC-000000168","2020-05-14T11:38:20.000Z","0055w00000BkiP4AAJ","2021-02-09T19:27:48.000Z","0055w00000BkiP4AAJ","","","","","","false","","Dependency","false","true","false","a3O4T000000g5pFUAQ"
"a3O5w0000001x0OEAQ","0055w00000BkiP4AAJ","","PC-000000169","2020-05-14T11:38:20.000Z","0055w00000BkiP4AAJ","2021-02-09T19:27:48.000Z","0055w00000BkiP4AAJ","","","","","","false","","Dependency","false","true","false","a3O4T000000g5pGUAQ"
"a3O5w0000001x0PEAQ","0055w00000BkiP4AAJ","","PC-000000170","2020-05-14T11:38:20.000Z","0055w00000BkiP4AAJ","2021-02-09T19:27:48.000Z","0055w00000BkiP4AAJ","","","","","","false","","Dependency","false","true","false","a3O4T000000g5pHUAQ"
"a3O5w0000001x0QEAQ","0055w00000BkiP4AAJ","","PC-000000172","2020-05-14T11:38:20.000Z","0055w00000BkiP4AAJ","2021-02-09T19:27:48.000Z","0055w00000BkiP4AAJ","","","","","","false","","Dependency","false","true","false","a3O4T000000g5pIUAQ"
"a3O5w0000001x0REAQ","0055w00000BkiP4AAJ","","PC-000000174","2020-05-14T11:38:20.000Z","0055w00000BkiP4AAJ","2021-02-09T19:27:48.000Z","0055w00000BkiP4AAJ","","","","","","false","","Bundle","false","true","false","a3O4T000000g5pJUAQ"
"a3O5w0000001x0SEAQ","0055w00000BkiP4AAJ","","PC-000000175","2020-05-14T11:38:20.000Z","0055w00000BkiP4AAJ","2021-02-09T19:27:48.000Z","0055w00000BkiP4AAJ","","","","","","false","","Bundle","false","false","false","a3O4T000000g5pKUAQ"
"a3O5w0000001x0TEAQ","0055w00000BkiP4AAJ","","PC-000000176","2020-05-14T11:38:20.000Z","0055w00000BkiP4AAJ","2021-02-09T19:27:48.000Z","0055w00000BkiP4AAJ","","","","","","false","","Dependency","false","true","true","a3O4T000000g5pLUAQ"
"a3O5w0000001x0UEAQ","0055w00000BkiP4AAJ","","PC-000000177","2020-05-14T11:38:20.000Z","0055w00000BkiP4AAJ","2021-02-09T19:27:48.000Z","0055w00000BkiP4AAJ","","","","","","false","","Dependency","false","true","false","a3O4T000000g5pMUAQ"
"a3O5w0000001x0VEAQ","0055w00000BkiP4AAJ","","PC-000000178","2020-05-14T11:38:20.000Z","0055w00000BkiP4AAJ","2021-02-09T19:27:48.000Z","0055w00000BkiP4AAJ","","","","","","false","","Dependency","false","true","false","a3O4T000000g5pNUAQ"
"a3O5w0000001x0WEAQ","0055w00000BkiP4AAJ","","PC-000000179","2020-05-14T11:38:20.000Z","0055w00000BkiP4AAJ","2021-02-09T19:27:48.000Z","0055w00000BkiP4AAJ","","","","","","false","","Dependency","false","true","false","a3O4T000000g5pOUAQ"
"a3O5w0000001x0XEAQ","0055w00000BkiP4AAJ","","PC-000000180","2020-05-14T11:38:20.000Z","0055w00000BkiP4AAJ","2021-02-09T19:27:48.000Z","0055w00000BkiP4AAJ","","","","","","false","","Dependency","false","true","false","a3O4T000000g5pPUAQ"
"a3O5w0000001x0YEAQ","0055w00000BkiP4AAJ","","PC-000000181","2020-05-14T11:38:20.000Z","0055w00000BkiP4AAJ","2021-02-09T19:27:48.000Z","0055w00000BkiP4AAJ","","","","","","false","","Dependency","false","true","false","a3O4T000000g5pQUAQ"
"a3O5w0000001x0ZEAQ","0055w00000BkiP4AAJ","","PC-000000182","2020-05-14T11:38:20.000Z","0055w00000BkiP4AAJ","2021-02-09T19:27:48.000Z","0055w00000BkiP4AAJ","","","","","","false","","Dependency","false","true","false","a3O4T000000g5pRUAQ"
"a3O5w0000001x0aEAA","0055w00000BkiP4AAJ","","PC-000000183","2020-05-14T11:38:20.000Z","0055w00000BkiP4AAJ","2021-02-09T19:27:48.000Z","0055w00000BkiP4AAJ","","","","","","false","","Dependency","false","true","false","a3O4T000000g5pSUAQ"
"a3O5w0000001x0bEAA","0055w00000BkiP4AAJ","","PC-000000184","2020-05-14T11:38:20.000Z","0055w00000BkiP4AAJ","2021-02-09T19:27:48.000Z","0055w00000BkiP4AAJ","","","","","","false","","Dependency","false","true","false","a3O4T000000g5pTUAQ"
"a3O5w0000001x0cEAA","0055w00000BkiP4AAJ","","PC-000000185","2020-05-14T11:38:20.000Z","0055w00000BkiP4AAJ","2021-02-09T19:27:48.000Z","0055w00000BkiP4AAJ","","","","","","false","","Dependency","false","true","false","a3O4T000000g5pUUAQ"
"a3O5w0000001x0dEAA","0055w00000BkiP4AAJ","","PC-000000186","2020-05-14T11:38:20.000Z","0055w00000BkiP4AAJ","2021-02-09T19:27:48.000Z","0055w00000BkiP4AAJ","","","","","","false","","Dependency","false","true","true","a3O4T000000g5pVUAQ"
"a3O5w0000001x0eEAA","0055w00000BkiP4AAJ","","PC-000000187","2020-05-14T11:38:20.000Z","0055w00000BkiP4AAJ","2021-02-09T19:27:48.000Z","0055w00000BkiP4AAJ","","","","","","false","","Dependency","false","true","true","a3O4T000000g5pWUAQ"
"a3O5w0000001x0fEAA","0055w00000BkiP4AAJ","","PC-000000188","2020-05-14T11:38:20.000Z","0055w00000BkiP4AAJ","2021-02-09T19:27:48.000Z","0055w00000BkiP4AAJ","","","","","","false","","Dependency","false","true","false","a3O4T000000g5pXUAQ"
"a3O5w0000001x0gEAA","0055w00000BkiP4AAJ","","PC-000000189","2020-05-14T11:38:20.000Z","0055w00000BkiP4AAJ","2021-02-09T19:27:48.000Z","0055w00000BkiP4AAJ","","","","","","false","","Dependency","false","true","false","a3O4T000000g5pYUAQ"
"a3O5w0000001x0hEAA","0055w00000BkiP4AAJ","","PC-000000190","2020-05-14T11:38:20.000Z","0055w00000BkiP4AAJ","2021-02-09T19:27:48.000Z","0055w00000BkiP4AAJ","","","","","","false","","Dependency","false","true","false","a3O4T000000g5pZUAQ"
"a3O5w0000001x0iEAA","0055w00000BkiP4AAJ","","PC-000000191","2020-05-14T11:38:20.000Z","0055w00000BkiP4AAJ","2021-02-09T19:27:48.000Z","0055w00000BkiP4AAJ","","","","","","false","","Dependency","false","true","false","a3O4T000000g5paUAA"
"a3O5w0000001x0jEAA","0055w00000BkiP4AAJ","","PC-000000192","2020-05-14T11:38:20.000Z","0055w00000BkiP4AAJ","2021-02-09T19:27:48.000Z","0055w00000BkiP4AAJ","","","","","","false","","Dependency","false","true","false","a3O4T000000g5pbUAA"
"a3O5w0000001x0kEAA","0055w00000BkiP4AAJ","","PC-000000086","2020-05-14T11:38:20.000Z","0055w00000BkiP4AAJ","2021-02-09T19:27:48.000Z","0055w00000BkiP4AAJ","","","","","","false","","Dependency","false","false","true","a3O4T000000g5pcUAA"
"a3O5w0000001x0lEAA","0055w00000BkiP4AAJ","","PC-000000087","2020-05-14T11:38:20.000Z","0055w00000BkiP4AAJ","2021-02-09T19:27:48.000Z","0055w00000BkiP4AAJ","","","","","","false","","Dependency","false","false","true","a3O4T000000g5pdUAA"
"a3O5w0000001x0mEAA","0055w00000BkiP4AAJ","","PC-000000088","2020-05-14T11:38:20.000Z","0055w00000BkiP4AAJ","2021-02-09T19:27:48.000Z","0055w00000BkiP4AAJ","","","","","","false","","Dependency","false","false","true","a3O4T000000g5peUAA"
"a3O5w0000001x0nEAA","0055w00000BkiP4AAJ","","PC-000000193","2020-05-14T11:38:20.000Z","0055w00000BkiP4AAJ","2021-02-09T19:27:48.000Z","0055w00000BkiP4AAJ","","","","","","false","","Dependency","false","true","false","a3O4T000000g5pfUAA"
"a3O5w0000001x0oEAA","0055w00000BkiP4AAJ","","PC-000000194","2020-05-14T11:38:20.000Z","0055w00000BkiP4AAJ","2021-02-09T19:27:48.000Z","0055w00000BkiP4AAJ","","","","","","false","","Dependency","false","true","true","a3O4T000000g5pgUAA"
"a3O5w0000001x0pEAA","0055w00000BkiP4AAJ","","PC-000000195","2020-05-14T11:38:20.000Z","0055w00000BkiP4AAJ","2021-02-09T19:27:48.000Z","0055w00000BkiP4AAJ","","","","","","false","","Dependency","false","true","false","a3O4T000000g5phUAA"
"a3O5w0000001x0qEAA","0055w00000BkiP4AAJ","","PC-000000196","2020-05-14T11:38:20.000Z","0055w00000BkiP4AAJ","2021-02-09T19:27:48.000Z","0055w00000BkiP4AAJ","","","","","","false","","","false","true","false","a3O4T000000g5piUAA"
"a3O5w0000001x0rEAA","0055w00000BkiP4AAJ","","PC-000000197","2020-05-14T11:38:20.000Z","0055w00000BkiP4AAJ","2021-02-09T19:27:48.000Z","0055w00000BkiP4AAJ","","","","","","true","","Bundle","false","false","false","a3O4T000000g5pjUAA"
"a3O5w0000001x0sEAA","0055w00000BkiP4AAJ","","PC-000000198","2020-05-14T11:38:20.000Z","0055w00000BkiP4AAJ","2021-02-09T19:27:48.000Z","0055w00000BkiP4AAJ","","","","","","true","","Bundle","false","false","false","a3O4T000000g5pkUAA"
"a3O5w0000001x0tEAA","0055w00000BkiP4AAJ","","PC-000000199","2020-05-14T11:38:20.000Z","0055w00000BkiP4AAJ","2021-02-09T19:27:48.000Z","0055w00000BkiP4AAJ","","","","","","false","","Bundle","false","false","false","a3O4T000000g5plUAA"
"a3O5w0000001x0uEAA","0055w00000BkiP4AAJ","","PC-000000200","2020-05-14T11:38:20.000Z","0055w00000BkiP4AAJ","2021-02-09T19:27:48.000Z","0055w00000BkiP4AAJ","","","","","","false","","Dependency","false","true","false","a3O4T000000g5pmUAA"
"a3O5w0000001x0vEAA","0055w00000BkiP4AAJ","","PC-000000201","2020-05-14T11:38:20.000Z","0055w00000BkiP4AAJ","2021-02-09T19:27:48.000Z","0055w00000BkiP4AAJ","","","","","","false","","Dependency","false","true","false","a3O4T000000g5pnUAA"
"a3O5w0000001x0wEAA","0055w00000BkiP4AAJ","","PC-000000202","2020-05-14T11:38:20.000Z","0055w00000BkiP4AAJ","2021-02-09T19:27:48.000Z","0055w00000BkiP4AAJ","","","","","","false","","Dependency","false","true","false","a3O4T000000g5poUAA"
"a3O5w0000001x0xEAA","0055w00000BkiP4AAJ","","PC-000000203","2020-05-14T11:38:20.000Z","0055w00000BkiP4AAJ","2021-02-09T19:27:48.000Z","0055w00000BkiP4AAJ","","","","","","false","","Dependency","false","true","false","a3O4T000000g5ppUAA"
"a3O5w0000001x0yEAA","0055w00000BkiP4AAJ","","PC-000000204","2020-05-14T11:38:20.000Z","0055w00000BkiP4AAJ","2021-02-09T19:27:48.000Z","0055w00000BkiP4AAJ","","","","","","false","","Dependency","false","true","false","a3O4T000000g5pqUAA"
"a3O5w0000001x0zEAA","0055w00000BkiP4AAJ","","PC-000000205","2020-05-14T11:38:20.000Z","0055w00000BkiP4AAJ","2021-02-09T19:27:48.000Z","0055w00000BkiP4AAJ","","","","","","false","","Dependency","false","true","false","a3O4T000000g5prUAA"
"a3O5w0000001x10EAA","0055w00000BkiP4AAJ","","PC-000000206","2020-05-14T11:38:20.000Z","0055w00000BkiP4AAJ","2021-02-09T19:27:48.000Z","0055w00000BkiP4AAJ","","","","","","false","","Dependency","false","true","false","a3O4T000000g5psUAA"
"a3O5w0000001x11EAA","0055w00000BkiP4AAJ","","PC-000000207","2020-05-14T11:38:20.000Z","0055w00000BkiP4AAJ","2021-02-09T19:27:48.000Z","0055w00000BkiP4AAJ","","","","","","false","","Dependency","false","true","false","a3O4T000000g5ptUAA"
"a3O5w0000001x12EAA","0055w00000BkiP4AAJ","","PC-000000208","2020-05-14T11:38:20.000Z","0055w00000BkiP4AAJ","2021-02-09T19:27:48.000Z","0055w00000BkiP4AAJ","","","","","","false","","Dependency","false","true","false","a3O4T000000g5puUAA"
"a3O5w0000001x13EAA","0055w00000BkiP4AAJ","","PC-000000209","2020-05-14T11:38:20.000Z","0055w00000BkiP4AAJ","2021-02-09T19:27:48.000Z","0055w00000BkiP4AAJ","","","","","","false","","Dependency","false","true","false","a3O4T000000g5pvUAA"
"a3O5w0000001x14EAA","0055w00000BkiP4AAJ","","PC-000000210","2020-05-14T11:38:20.000Z","0055w00000BkiP4AAJ","2021-02-09T19:27:49.000Z","0055w00000BkiP4AAJ","","","","","","false","","Dependency","false","true","false","a3O4T000000g5pwUAA"
"a3O5w0000001x15EAA","0055w00000BkiP4AAJ","","PC-000000211","2020-05-14T11:38:20.000Z","0055w00000BkiP4AAJ","2021-02-09T19:27:49.000Z","0055w00000BkiP4AAJ","","","","","","false","","Dependency","false","true","false","a3O4T000000g5pxUAA"
"a3O5w0000001x16EAA","0055w00000BkiP4AAJ","","PC-000000212","2020-05-14T11:38:20.000Z","0055w00000BkiP4AAJ","2021-02-09T19:27:49.000Z","0055w00000BkiP4AAJ","","","","","","false","","Dependency","false","true","false","a3O4T000000g5pyUAA"
"a3O5w0000001x17EAA","0055w00000BkiP4AAJ","","PC-000000213","2020-05-14T11:38:20.000Z","0055w00000BkiP4AAJ","2021-02-09T19:27:49.000Z","0055w00000BkiP4AAJ","","","","","","false","","Dependency","false","true","false","a3O4T000000g5pzUAA"
"a3O5w0000001x18EAA","0055w00000BkiP4AAJ","","PC-000000214","2020-05-14T11:38:20.000Z","0055w00000BkiP4AAJ","2021-02-09T19:27:49.000Z","0055w00000BkiP4AAJ","","","","","","false","","Dependency","false","true","false","a3O4T000000g5q0UAA"
"a3O5w0000001x19EAA","0055w00000BkiP4AAJ","","PC-000000215","2020-05-14T11:38:20.000Z","0055w00000BkiP4AAJ","2021-02-09T19:27:49.000Z","0055w00000BkiP4AAJ","","","","","","false","","Dependency","false","true","true","a3O4T000000g5q1UAA"
"a3O5w0000001x1AEAQ","0055w00000BkiP4AAJ","","PC-000000216","2020-05-14T11:38:20.000Z","0055w00000BkiP4AAJ","2021-02-09T19:27:49.000Z","0055w00000BkiP4AAJ","","","","","","false","","Dependency","false","true","false","a3O4T000000g5q2UAA"
"a3O5w0000001x1BEAQ","0055w00000BkiP4AAJ","","PC-000000022","2020-05-14T11:38:20.000Z","0055w00000BkiP4AAJ","2021-02-09T19:27:49.000Z","0055w00000BkiP4AAJ","","","","","","false","","Dependency","false","true","true","a3O4T000000g5q3UAA"
"a3O5w0000001x1CEAQ","0055w00000BkiP4AAJ","","PC-000000023","2020-05-14T11:38:20.000Z","0055w00000BkiP4AAJ","2021-02-09T19:27:49.000Z","0055w00000BkiP4AAJ","","","","","","false","","Dependency","false","true","true","a3O4T000000g5q4UAA"
"a3O5w0000001x1DEAQ","0055w00000BkiP4AAJ","","PC-000000031","2020-05-14T11:38:20.000Z","0055w00000BkiP4AAJ","2021-02-09T19:27:49.000Z","0055w00000BkiP4AAJ","","","","","","false","","Dependency","false","true","false","a3O4T000000g5q5UAA"
"a3O5w0000001x1EEAQ","0055w00000BkiP4AAJ","","PC-000000033","2020-05-14T11:38:20.000Z","0055w00000BkiP4AAJ","2021-02-09T19:27:49.000Z","0055w00000BkiP4AAJ","","","","","","false","","Dependency","false","true","true","a3O4T000000g5q6UAA"
"a3O5w0000001x1FEAQ","0055w00000BkiP4AAJ","","PC-000000034","2020-05-14T11:38:20.000Z","0055w00000BkiP4AAJ","2021-02-09T19:27:49.000Z","0055w00000BkiP4AAJ","","","","","","false","","Dependency","false","true","true","a3O4T000000g5q7UAA"
"a3O5w0000001x1GEAQ","0055w00000BkiP4AAJ","","PC-000000037","2020-05-14T11:38:20.000Z","0055w00000BkiP4AAJ","2021-02-09T19:27:49.000Z","0055w00000BkiP4AAJ","","","","","","false","","Dependency","false","false","false","a3O4T000000g5q8UAA"
"a3O5w0000001x1HEAQ","0055w00000BkiP4AAJ","","PC-000000038","2020-05-14T11:38:20.000Z","0055w00000BkiP4AAJ","2021-02-09T19:27:49.000Z","0055w00000BkiP4AAJ","","","","","","false","","Dependency","false","false","false","a3O4T000000g5q9UAA"
"a3O5w0000001x1IEAQ","0055w00000BkiP4AAJ","","PC-000000039","2020-05-14T11:38:20.000Z","0055w00000BkiP4AAJ","2021-02-09T19:27:49.000Z","0055w00000BkiP4AAJ","","","","","","false","","Dependency","false","false","false","a3O4T000000g5qAUAQ"
"a3O5w0000001x1JEAQ","0055w00000BkiP4AAJ","","PC-000000040","2020-05-14T11:38:20.000Z","0055w00000BkiP4AAJ","2021-02-09T19:27:49.000Z","0055w00000BkiP4AAJ","","","","","","false","","Dependency","false","false","false","a3O4T000000g5qBUAQ"
"a3O5w0000001x1KEAQ","0055w00000BkiP4AAJ","","PC-000000041","2020-05-14T11:38:20.000Z","0055w00000BkiP4AAJ","2021-02-09T19:27:49.000Z","0055w00000BkiP4AAJ","","","","","","false","","Dependency","false","false","false","a3O4T000000g5qCUAQ"
"a3O5w0000001x1LEAQ","0055w00000BkiP4AAJ","","PC-000000042","2020-05-14T11:38:20.000Z","0055w00000BkiP4AAJ","2021-02-09T19:27:49.000Z","0055w00000BkiP4AAJ","","","","","","false","","Dependency","false","false","false","a3O4T000000g5qDUAQ"
"a3O5w0000001x1MEAQ","0055w00000BkiP4AAJ","","PC-000000043","2020-05-14T11:38:20.000Z","0055w00000BkiP4AAJ","2021-02-09T19:27:49.000Z","0055w00000BkiP4AAJ","","","","","","false","","Dependency","false","false","false","a3O4T000000g5qEUAQ"
"a3O5w0000001x1NEAQ","0055w00000BkiP4AAJ","","PC-000000044","2020-05-14T11:38:20.000Z","0055w00000BkiP4AAJ","2021-02-09T19:27:49.000Z","0055w00000BkiP4AAJ","","","","","","false","","Dependency","false","false","false","a3O4T000000g5qFUAQ"
"a3O5w0000001x1OEAQ","0055w00000BkiP4AAJ","","PC-000000045","2020-05-14T11:38:20.000Z","0055w00000BkiP4AAJ","2021-02-09T19:27:49.000Z","0055w00000BkiP4AAJ","","","","","","false","","Dependency","false","false","false","a3O4T000000g5qGUAQ"
"a3O5w0000001x1PEAQ","0055w00000BkiP4AAJ","","PC-000000046","2020-05-14T11:38:20.000Z","0055w00000BkiP4AAJ","2021-02-09T19:27:49.000Z","0055w00000BkiP4AAJ","","","","","","false","","Dependency","false","false","false","a3O4T000000g5qHUAQ"
"a3O5w0000001x1QEAQ","0055w00000BkiP4AAJ","","PC-000000047","2020-05-14T11:38:20.000Z","0055w00000BkiP4AAJ","2021-02-09T19:27:49.000Z","0055w00000BkiP4AAJ","","","","","","false","","Dependency","false","false","false","a3O4T000000g5qIUAQ"
"a3O5w0000001x1REAQ","0055w00000BkiP4AAJ","","PC-000000048","2020-05-14T11:38:20.000Z","0055w00000BkiP4AAJ","2021-02-09T19:27:49.000Z","0055w00000BkiP4AAJ","","","","","","false","","Dependency","false","false","false","a3O4T000000g5qJUAQ"
"a3O5w0000001x1SEAQ","0055w00000BkiP4AAJ","","PC-000000049","2020-05-14T11:38:20.000Z","0055w00000BkiP4AAJ","2021-02-09T19:27:49.000Z","0055w00000BkiP4AAJ","","","","","","false","","Dependency","false","false","false","a3O4T000000g5qKUAQ"
"a3O5w0000001x1TEAQ","0055w00000BkiP4AAJ","","PC-000000050","2020-05-14T11:38:20.000Z","0055w00000BkiP4AAJ","2021-02-09T19:27:49.000Z","0055w00000BkiP4AAJ","","","","","","false","","Dependency","false","false","false","a3O4T000000g5qLUAQ"
"a3O5w0000001x1UEAQ","0055w00000BkiP4AAJ","","PC-000000051","2020-05-14T11:38:20.000Z","0055w00000BkiP4AAJ","2021-02-09T19:27:49.000Z","0055w00000BkiP4AAJ","","","","","","false","","Dependency","false","false","false","a3O4T000000g5qMUAQ"
"a3O5w0000001x1VEAQ","0055w00000BkiP4AAJ","","PC-000000052","2020-05-14T11:38:20.000Z","0055w00000BkiP4AAJ","2021-02-09T19:27:49.000Z","0055w00000BkiP4AAJ","","","","","","false","","Dependency","false","false","false","a3O4T000000g5qNUAQ"
"a3O5w0000001x1WEAQ","0055w00000BkiP4AAJ","","PC-000000053","2020-05-14T11:38:20.000Z","0055w00000BkiP4AAJ","2021-02-09T19:27:49.000Z","0055w00000BkiP4AAJ","","","","","","false","","Dependency","false","false","false","a3O4T000000g5qOUAQ"
"a3O5w0000001x1XEAQ","0055w00000BkiP4AAJ","","PC-000000054","2020-05-14T11:38:20.000Z","0055w00000BkiP4AAJ","2021-02-09T19:27:49.000Z","0055w00000BkiP4AAJ","","","","","","false","","Dependency","false","false","false","a3O4T000000g5qPUAQ"
"a3O5w0000001x1YEAQ","0055w00000BkiP4AAJ","","PC-000000055","2020-05-14T11:38:20.000Z","0055w00000BkiP4AAJ","2021-02-09T19:27:49.000Z","0055w00000BkiP4AAJ","","","","","","false","","Dependency","false","false","false","a3O4T000000g5qQUAQ"
"a3O5w0000001x1ZEAQ","0055w00000BkiP4AAJ","","PC-000000056","2020-05-14T11:38:20.000Z","0055w00000BkiP4AAJ","2021-02-09T19:27:49.000Z","0055w00000BkiP4AAJ","","","","","","false","","Dependency","false","false","false","a3O4T000000g5qRUAQ"
"a3O5w0000001x1aEAA","0055w00000BkiP4AAJ","","PC-000000058","2020-05-14T11:38:20.000Z","0055w00000BkiP4AAJ","2021-02-09T19:27:49.000Z","0055w00000BkiP4AAJ","","","","","","false","","Dependency","false","false","false","a3O4T000000g5qSUAQ"
"a3O5w0000001x1bEAA","0055w00000BkiP4AAJ","","PC-000000057","2020-05-14T11:38:20.000Z","0055w00000BkiP4AAJ","2021-02-09T19:27:49.000Z","0055w00000BkiP4AAJ","","","","","","false","","Dependency","false","false","false","a3O4T000000g5qTUAQ"
"a3O5w0000001x1cEAA","0055w00000BkiP4AAJ","","PC-000000059","2020-05-14T11:38:20.000Z","0055w00000BkiP4AAJ","2021-02-09T19:27:49.000Z","0055w00000BkiP4AAJ","","","","","","false","","Dependency","false","false","false","a3O4T000000g5qUUAQ"
"a3O5w0000001x1dEAA","0055w00000BkiP4AAJ","","PC-000000060","2020-05-14T11:38:20.000Z","0055w00000BkiP4AAJ","2021-02-09T19:27:49.000Z","0055w00000BkiP4AAJ","","","","","","false","","Dependency","false","false","false","a3O4T000000g5qVUAQ"
"a3O5w0000001x1eEAA","0055w00000BkiP4AAJ","","PC-000000061","2020-05-14T11:38:20.000Z","0055w00000BkiP4AAJ","2021-02-09T19:27:49.000Z","0055w00000BkiP4AAJ","","","","","","false","","Dependency","false","false","false","a3O4T000000g5qWUAQ"
"a3O5w0000001x1fEAA","0055w00000BkiP4AAJ","","PC-000000062","2020-05-14T11:38:20.000Z","0055w00000BkiP4AAJ","2021-02-09T19:27:49.000Z","0055w00000BkiP4AAJ","","","","","","false","","Dependency","false","false","false","a3O4T000000g5qXUAQ"
"a3O5w0000001x1gEAA","0055w00000BkiP4AAJ","","PC-000000063","2020-05-14T11:38:20.000Z","0055w00000BkiP4AAJ","2021-02-09T19:27:49.000Z","0055w00000BkiP4AAJ","","","","","","false","","Dependency","false","false","false","a3O4T000000g5qYUAQ"
"a3O5w0000001x1hEAA","0055w00000BkiP4AAJ","","PC-000000064","2020-05-14T11:38:20.000Z","0055w00000BkiP4AAJ","2021-02-09T19:27:49.000Z","0055w00000BkiP4AAJ","","","","","","false","","Dependency","false","false","false","a3O4T000000g5qZUAQ"
"a3O5w0000001x1iEAA","0055w00000BkiP4AAJ","","PC-000000065","2020-05-14T11:38:20.000Z","0055w00000BkiP4AAJ","2021-02-09T19:27:49.000Z","0055w00000BkiP4AAJ","","","","","","false","","Dependency","false","false","false","a3O4T000000g5qaUAA"
"a3O5w0000001x1jEAA","0055w00000BkiP4AAJ","","PC-000000066","2020-05-14T11:38:20.000Z","0055w00000BkiP4AAJ","2021-02-09T19:27:49.000Z","0055w00000BkiP4AAJ","","","","","","false","","Dependency","false","false","false","a3O4T000000g5qbUAA"
"a3O5w0000001x1kEAA","0055w00000BkiP4AAJ","","PC-000000067","2020-05-14T11:38:20.000Z","0055w00000BkiP4AAJ","2021-02-09T19:27:49.000Z","0055w00000BkiP4AAJ","","","","","","false","","Dependency","false","false","false","a3O4T000000g5qcUAA"
"a3O5w0000001x1lEAA","0055w00000BkiP4AAJ","","PC-000000068","2020-05-14T11:38:20.000Z","0055w00000BkiP4AAJ","2021-02-09T19:27:49.000Z","0055w00000BkiP4AAJ","","","","","","false","","Dependency","false","false","false","a3O4T000000g5qdUAA"
"a3O5w0000001x1mEAA","0055w00000BkiP4AAJ","","PC-000000069","2020-05-14T11:38:20.000Z","0055w00000BkiP4AAJ","2021-02-09T19:27:49.000Z","0055w00000BkiP4AAJ","","","","","","false","","Dependency","false","false","false","a3O4T000000g5qeUAA"
"a3O5w0000001x1nEAA","0055w00000BkiP4AAJ","","PC-000000070","2020-05-14T11:38:20.000Z","0055w00000BkiP4AAJ","2021-02-09T19:27:49.000Z","0055w00000BkiP4AAJ","","","","","","false","","Dependency","false","false","false","a3O4T000000g5qfUAA"
"a3O5w0000001x1oEAA","0055w00000BkiP4AAJ","","PC-000000071","2020-05-14T11:38:20.000Z","0055w00000BkiP4AAJ","2021-02-09T19:27:49.000Z","0055w00000BkiP4AAJ","","","","","","false","","Dependency","false","false","false","a3O4T000000g5qgUAA"
"a3O5w0000001x1pEAA","0055w00000BkiP4AAJ","","PC-000000072","2020-05-14T11:38:20.000Z","0055w00000BkiP4AAJ","2021-02-09T19:27:49.000Z","0055w00000BkiP4AAJ","","","","","","false","","Dependency","false","false","false","a3O4T000000g5qhUAA"
"a3O5w0000001x1qEAA","0055w00000BkiP4AAJ","","PC-000000073","2020-05-14T11:38:20.000Z","0055w00000BkiP4AAJ","2021-02-09T19:27:49.000Z","0055w00000BkiP4AAJ","","","","","","false","","Dependency","false","false","false","a3O4T000000g5qiUAA"
"a3O5w0000001x1rEAA","0055w00000BkiP4AAJ","","PC-000000076","2020-05-14T11:38:20.000Z","0055w00000BkiP4AAJ","2021-02-09T19:27:49.000Z","0055w00000BkiP4AAJ","","","","","","false","","Dependency","false","true","true","a3O4T000000g5qjUAA"
"a3O5w0000001x1sEAA","0055w00000BkiP4AAJ","","PC-000000078","2020-05-14T11:38:20.000Z","0055w00000BkiP4AAJ","2021-02-10T05:05:18.000Z","0055w00000BkiP4AAJ","","","","","","false","","Dependency","false","true","true","a3O4T000000g5qkUAA"
"a3O5w0000001x1tEAA","0055w00000BkiP4AAJ","","PC-000000079","2020-05-14T11:38:20.000Z","0055w00000BkiP4AAJ","2021-02-10T05:05:18.000Z","0055w00000BkiP4AAJ","","","","","","false","","Dependency","false","true","true","a3O4T000000g5qlUAA"
"a3O5w000001B4gmEAC","0055w00000BkiP4AAJ","","PC-000000217","2020-11-17T19:42:15.000Z","0055w00000BkiP4AAJ","2020-12-15T18:04:04.000Z","0055w00000BkiP4AAJ","","","","","","false","","Dependency","false","false","true","a2c3J0000008RaDQAU"
"a3O5w000001B4gnEAC","0055w00000BkiP4AAJ","","PC-000000218","2020-11-17T19:42:15.000Z","0055w00000BkiP4AAJ","2020-12-15T18:04:04.000Z","0055w00000BkiP4AAJ","","","","","","false","","Dependency","false","false","true","a2c3J0000008RaIQAU"
"a3O5w000001B4goEAC","0055w00000BkiP4AAJ","","PC-000000219","2020-11-17T19:42:15.000Z","0055w00000BkiP4AAJ","2020-12-15T18:04:04.000Z","0055w00000BkiP4AAJ","","","","","","false","","Dependency","false","false","true","a2c3J0000008RaXQAU"
"a3O5w000001B4gpEAC","0055w00000BkiP4AAJ","","PC-000000220","2020-11-17T19:42:15.000Z","0055w00000BkiP4AAJ","2020-12-15T18:04:04.000Z","0055w00000BkiP4AAJ","","","","","","false","","Dependency","false","false","true","a2c3J0000008RahQAE"
"a3O5w000001B4gqEAC","0055w00000BkiP4AAJ","","PC-000000221","2020-11-17T19:42:15.000Z","0055w00000BkiP4AAJ","2020-12-15T18:04:04.000Z","0055w00000BkiP4AAJ","","","","","","false","","Dependency","false","false","true","a2c3J0000008RbBQAU"
"a3O5w000001B4grEAC","0055w00000BkiP4AAJ","","PC-000000222","2020-11-17T19:42:15.000Z","0055w00000BkiP4AAJ","2020-12-15T18:04:04.000Z","0055w00000BkiP4AAJ","","","","","","false","","Dependency","false","false","true","a2c3J0000008RbGQAU"
"a3O5w000001B4gsEAC","0055w00000BkiP4AAJ","","PC-000000223","2020-11-17T19:42:15.000Z","0055w00000BkiP4AAJ","2020-12-15T18:04:04.000Z","0055w00000BkiP4AAJ","","","","","","false","","Dependency","false","false","true","a2c3J0000008RbQQAU"
"a3O5w000001B4gtEAC","0055w00000BkiP4AAJ","","PC-000000224","2020-11-17T19:42:15.000Z","0055w00000BkiP4AAJ","2020-12-15T18:04:04.000Z","0055w00000BkiP4AAJ","","","","","","false","","Dependency","false","false","true","a2c3J0000008RbaQAE"
"a3O5w000001B4guEAC","0055w00000BkiP4AAJ","","PC-000000225","2020-11-17T19:42:15.000Z","0055w00000BkiP4AAJ","2020-12-15T18:04:04.000Z","0055w00000BkiP4AAJ","","","","","","false","","Dependency","false","false","true","a2c3J0000008RbkQAE"
"a3O5w000001B4gvEAC","0055w00000BkiP4AAJ","","PC-000000226","2020-11-17T19:42:15.000Z","0055w00000BkiP4AAJ","2020-12-15T18:04:04.000Z","0055w00000BkiP4AAJ","","","","","","false","","Dependency","false","false","true","a2c3J0000008Rc4QAE"
"a3O5w000001B4gwEAC","0055w00000BkiP4AAJ","","PC-000000227","2020-11-17T19:42:15.000Z","0055w00000BkiP4AAJ","2020-12-15T18:04:04.000Z","0055w00000BkiP4AAJ","","","","","","false","","Dependency","false","false","true","a2c3J0000008RcYQAU"
"a3O5w000001B4gxEAC","0055w00000BkiP4AAJ","","PC-000000228","2020-11-17T19:42:15.000Z","0055w00000BkiP4AAJ","2020-12-15T18:04:04.000Z","0055w00000BkiP4AAJ","","","","","","false","","Dependency","false","false","true","a2c3J0000008RcdQAE"
"a3O5w000001B4gyEAC","0055w00000BkiP4AAJ","","PC-000000229","2020-11-17T19:42:15.000Z","0055w00000BkiP4AAJ","2020-12-15T18:04:04.000Z","0055w00000BkiP4AAJ","","","","","","false","","Dependency","false","false","true","a2c3J0000008RdMQAU"
"a3O5w000001B4gzEAC","0055w00000BkiP4AAJ","","PC-000000230","2020-11-17T19:42:15.000Z","0055w00000BkiP4AAJ","2020-12-15T18:04:04.000Z","0055w00000BkiP4AAJ","","","","","","false","","Dependency","false","false","true","a2c3J0000008RdqQAE"
"a3O5w000001B4h0EAC","0055w00000BkiP4AAJ","","PC-000000231","2020-11-17T19:42:15.000Z","0055w00000BkiP4AAJ","2020-12-15T18:04:04.000Z","0055w00000BkiP4AAJ","","","","","","false","","Dependency","false","false","true","a2c3J0000008Re0QAE"
"a3O5w000001B4h1EAC","0055w00000BkiP4AAJ","","PC-000000232","2020-11-17T19:42:15.000Z","0055w00000BkiP4AAJ","2020-12-15T18:04:04.000Z","0055w00000BkiP4AAJ","","","","","","false","","Dependency","false","false","true","a2c3J0000008Re5QAE"
"a3O5w000001B4h2EAC","0055w00000BkiP4AAJ","","PC-000000233","2020-11-17T19:42:15.000Z","0055w00000BkiP4AAJ","2020-12-15T18:04:04.000Z","0055w00000BkiP4AAJ","","","","","","false","","Dependency","false","false","true","a2c3J0000008ReAQAU"
"a3O5w000001B4h3EAC","0055w00000BkiP4AAJ","","PC-000000234","2020-11-17T19:42:15.000Z","0055w00000BkiP4AAJ","2020-12-15T18:04:04.000Z","0055w00000BkiP4AAJ","","","","","","false","","Dependency","false","false","true","a2c3J0000009FEZQA2"
